index,k__Bacteria;p__Bacteroidetes;c__Bacteroidia;o__Bacteroidales;f__Bacteroidaceae;g__Bacteroides;s__,k__Bacteria;p__Bacteroidetes;c__Bacteroidia;o__Bacteroidales;f__Bacteroidaceae;g__Bacteroides;s__uniformis,k__Bacteria;p__Bacteroidetes;c__Bacteroidia;o__Bacteroidales;f__Bacteroidaceae;g__Bacteroides;__,k__Bacteria;p__Bacteroidetes;c__Bacteroidia;o__Bacteroidales;f__Porphyromonadaceae;g__Parabacteroides;s__distasonis,k__Bacteria;p__Bacteroidetes;c__Bacteroidia;o__Bacteroidales;f__Rikenellaceae;g__Alistipes;s__onderdonkii,k__Bacteria;p__Bacteroidetes;c__Bacteroidia;o__Bacteroidales;f__Porphyromonadaceae;g__Parabacteroides;s__,k__Bacteria;p__Proteobacteria;c__Gammaproteobacteria;o__Enterobacteriales;f__Enterobacteriaceae;__;__,k__Bacteria;p__Firmicutes;c__Clostridia;o__Clostridiales;f__Lachnospiraceae;g__Roseburia;s__faecis,k__Bacteria;p__Firmicutes;c__Clostridia;o__Clostridiales;f__Ruminococcaceae;g__Faecalibacterium;s__prausnitzii,k__Bacteria;p__Firmicutes;c__Clostridia;o__Clostridiales;f__Lachnospiraceae;g__Blautia;s__,k__Bacteria;p__Verrucomicrobia;c__Verrucomicrobiae;o__Verrucomicrobiales;f__Verrucomicrobiaceae;g__Akkermansia;s__muciniphila,k__Bacteria;p__Bacteroidetes;c__Bacteroidia;o__Bacteroidales;f__Rikenellaceae;g__Alistipes;s__putredinis,k__Bacteria;p__Proteobacteria;c__Betaproteobacteria;o__Burkholderiales;f__Alcaligenaceae;g__Sutterella;s__,k__Bacteria;p__Bacteroidetes;c__Bacteroidia;o__Bacteroidales;f__Bacteroidaceae;g__Bacteroides;s__caccae,k__Bacteria;p__Firmicutes;c__Erysipelotrichi;o__Erysipelotrichales;f__Erysipelotrichaceae;g__;s__,k__Bacteria;p__Firmicutes;c__Bacilli;o__Lactobacillales;f__Streptococcaceae;g__Streptococcus;s__,k__Bacteria;p__Bacteroidetes;c__Bacteroidia;o__Bacteroidales;f__Bacteroidaceae;g__Bacteroides;s__fragilis,k__Bacteria;p__Firmicutes;c__Clostridia;o__Clostridiales;f__Ruminococcaceae;g__;s__,k__Bacteria;p__Bacteroidetes;c__Bacteroidia;o__Bacteroidales;f__[Paraprevotellaceae];g__Paraprevotella;s__,k__Bacteria;p__Bacteroidetes;c__Bacteroidia;o__Bacteroidales;f__Bacteroidaceae;g__Bacteroides;s__ovatus,k__Bacteria;p__Firmicutes;c__Clostridia;o__Clostridiales;f__Veillonellaceae;g__Phascolarctobacterium;s__,k__Bacteria;p__Firmicutes;c__Clostridia;o__Clostridiales;f__Lachnospiraceae;g__Dorea;s__longicatena,k__Bacteria;p__Firmicutes;c__Clostridia;o__Clostridiales;f__Lachnospiraceae;g__[Ruminococcus];s__torques,k__Bacteria;p__Proteobacteria;c__Deltaproteobacteria;o__Desulfovibrionales;f__Desulfovibrionaceae;g__Bilophila;s__,k__Bacteria;p__Firmicutes;c__Clostridia;o__Clostridiales;f__Lachnospiraceae;g__Coprococcus;s__,k__Bacteria;p__Firmicutes;c__Clostridia;o__Clostridiales;f__Lachnospiraceae;g__Clostridium;s__clostridioforme,k__Bacteria;p__Firmicutes;c__Clostridia;o__Clostridiales;f__Lachnospiraceae;g__[Ruminococcus];s__,k__Bacteria;p__Firmicutes;c__Clostridia;o__Clostridiales;f__Lachnospiraceae;g__[Ruminococcus];s__gnavus,k__Bacteria;p__Firmicutes;c__Clostridia;o__Clostridiales;f__Lachnospiraceae;g__Roseburia;s__inulinivorans,k__Bacteria;p__Firmicutes;c__Clostridia;o__Clostridiales;f__Ruminococcaceae;g__Ruminococcus;s__flavefaciens,k__Bacteria;p__Firmicutes;c__Clostridia;o__Clostridiales;f__Ruminococcaceae;g__Gemmiger;s__formicilis,k__Bacteria;p__Firmicutes;c__Clostridia;o__Clostridiales;f__Ruminococcaceae;g__Ruminococcus;s__bromii,k__Bacteria;p__Firmicutes;c__Clostridia;o__Clostridiales;__;__;__,k__Bacteria;p__Actinobacteria;c__Actinobacteria;o__Bifidobacteriales;f__Bifidobacteriaceae;g__Bifidobacterium;__,k__Bacteria;p__Actinobacteria;c__Coriobacteriia;o__Coriobacteriales;f__Coriobacteriaceae;g__Collinsella;s__aerofaciens,k__Bacteria;p__Bacteroidetes;c__Bacteroidia;o__Bacteroidales;f__Rikenellaceae;g__Alistipes;s__finegoldii,k__Bacteria;p__Bacteroidetes;c__Bacteroidia;o__Bacteroidales;f__Bacteroidaceae;g__Bacteroides;s__plebeius,k__Bacteria;p__Firmicutes;c__Clostridia;o__Clostridiales;f__Lachnospiraceae;g__Lachnospira;s__,k__Bacteria;p__Firmicutes;c__Clostridia;o__Clostridiales;f__Lachnospiraceae;g__Roseburia;s__,k__Bacteria;p__Firmicutes;c__Clostridia;o__Clostridiales;f__Clostridiaceae;g__Clostridium;s__,k__Bacteria;p__Bacteroidetes;c__Bacteroidia;o__Bacteroidales;f__Bacteroidaceae;g__Bacteroides;s__eggerthii,k__Bacteria;p__Firmicutes;c__Clostridia;o__Clostridiales;f__Veillonellaceae;g__Dialister;s__,k__Bacteria;p__Firmicutes;c__Clostridia;o__Clostridiales;f__Veillonellaceae;g__Acidaminococcus;s__,k__Bacteria;p__Firmicutes;c__Bacilli;o__Lactobacillales;f__Enterococcaceae;g__Enterococcus;__,k__Bacteria;p__Firmicutes;c__Clostridia;o__Clostridiales;f__Ruminococcaceae;g__Subdoligranulum;s__variabile,k__Bacteria;p__Firmicutes;c__Clostridia;o__Clostridiales;f__Ruminococcaceae;g__Oscillospira;s__,k__Bacteria;p__Firmicutes;c__Clostridia;o__Clostridiales;f__Ruminococcaceae;g__Ruminococcus;s__,k__Bacteria;p__Bacteroidetes;c__Bacteroidia;o__Bacteroidales;f__Rikenellaceae;g__;s__,k__Bacteria;p__Firmicutes;c__Clostridia;o__Clostridiales;f__Lachnospiraceae;g__Dorea;s__,k__Bacteria;p__Bacteroidetes;c__Bacteroidia;o__Bacteroidales;f__Prevotellaceae;g__Prevotella;s__copri,k__Bacteria;p__Firmicutes;c__Clostridia;o__Clostridiales;f__Lachnospiraceae;g__Clostridium;__,k__Bacteria;p__Proteobacteria;c__Alphaproteobacteria;o__RF32;f__;g__;s__,k__Bacteria;p__Firmicutes;c__Clostridia;o__Clostridiales;f__Lachnospiraceae;g__Blautia;s__obeum,k__Bacteria;p__Bacteroidetes;c__Bacteroidia;o__Bacteroidales;f__Porphyromonadaceae;g__Parabacteroides;__,k__Bacteria;p__Bacteroidetes;c__Bacteroidia;o__Bacteroidales;f__[Odoribacteraceae];g__Odoribacter;s__,k__Bacteria;p__Firmicutes;c__Clostridia;o__Clostridiales;f__Ruminococcaceae;g__Oscillospira;__,k__Bacteria;p__Firmicutes;c__Clostridia;o__Clostridiales;f__Lachnospiraceae;__;__,k__Bacteria;p__Firmicutes;c__Clostridia;o__Clostridiales;f__Lachnospiraceae;g__;s__,k__Bacteria;p__Bacteroidetes;c__Bacteroidia;o__Bacteroidales;f__[Barnesiellaceae];g__;s__,k__Bacteria;p__Firmicutes;c__Clostridia;o__Clostridiales;f__Veillonellaceae;g__Megamonas;s__,k__Bacteria;p__Bacteroidetes;c__Bacteroidia;o__Bacteroidales;f__Prevotellaceae;__;__,k__Bacteria;p__Firmicutes;c__Erysipelotrichi;o__Erysipelotrichales;f__Erysipelotrichaceae;g__Clostridium;s__ramosum,k__Bacteria;p__Firmicutes;c__Clostridia;o__Clostridiales;f__Ruminococcaceae;g__Ruminococcus;__,k__Bacteria;p__Firmicutes;c__Erysipelotrichi;o__Erysipelotrichales;f__Erysipelotrichaceae;g__Coprobacillus;s__,k__Bacteria;p__Bacteroidetes;c__Bacteroidia;o__Bacteroidales;f__Prevotellaceae;g__Prevotella;s__,k__Bacteria;p__Firmicutes;c__Clostridia;o__Clostridiales;f__Lachnospiraceae;g__Blautia;s__producta,k__Bacteria;p__Firmicutes;c__Clostridia;o__Clostridiales;f__Lachnospiraceae;g__Ruminococcus;s__lactaris,k__Bacteria;p__Firmicutes;c__Clostridia;o__Clostridiales;f__;g__;s__,k__Bacteria;p__Firmicutes;c__Clostridia;o__Clostridiales;f__Lachnospiraceae;g__Lachnobacterium;s__,k__Bacteria;p__Firmicutes;c__Clostridia;o__Clostridiales;f__Ruminococcaceae;__;__,k__Bacteria;p__Bacteroidetes;c__Bacteroidia;o__Bacteroidales;__;__;__,k__Bacteria;p__Bacteroidetes;c__Bacteroidia;o__Bacteroidales;f__[Barnesiellaceae];__;__,k__Bacteria;p__Firmicutes;c__Clostridia;o__Clostridiales;f__Lachnospiraceae;g__Dorea;s__formicigenerans,k__Bacteria;p__Bacteroidetes;c__Bacteroidia;o__Bacteroidales;f__S24-7;g__;s__,k__Bacteria;p__Synergistetes;c__Synergistia;o__Synergistales;f__Dethiosulfovibrionaceae;g__Pyramidobacter;s__piscolens,k__Bacteria;p__Firmicutes;c__Clostridia;o__Clostridiales;f__Ruminococcaceae;g__Ruminococcus;s__callidus,k__Bacteria;p__Proteobacteria;c__Deltaproteobacteria;o__Desulfovibrionales;f__Desulfovibrionaceae;g__Desulfovibrio;s__,k__Archaea;p__Euryarchaeota;c__Methanobacteria;o__Methanobacteriales;f__Methanobacteriaceae;g__Methanobrevibacter;s__,k__Bacteria;p__Synergistetes;c__Synergistia;o__Synergistales;f__Synergistaceae;g__Cloacibacillus;s__,k__Bacteria;p__Firmicutes;c__Erysipelotrichi;o__Erysipelotrichales;f__Erysipelotrichaceae;g__[Eubacterium];s__dolichum,k__Bacteria;p__Firmicutes;c__Clostridia;o__Clostridiales;f__Veillonellaceae;g__Megasphaera;s__,k__Bacteria;p__Firmicutes;c__Bacilli;o__Lactobacillales;f__Leuconostocaceae;g__Weissella;__,k__Bacteria;p__Firmicutes;c__Erysipelotrichi;o__Erysipelotrichales;f__Erysipelotrichaceae;g__[Eubacterium];s__biforme,k__Bacteria;p__Firmicutes;c__Clostridia;o__Clostridiales;f__Veillonellaceae;g__Veillonella;s__dispar,k__Bacteria;p__Firmicutes;c__Erysipelotrichi;o__Erysipelotrichales;f__Erysipelotrichaceae;g__Clostridium;s__spiroforme,k__Bacteria;p__Actinobacteria;c__Coriobacteriia;o__Coriobacteriales;f__Coriobacteriaceae;g__Adlercreutzia;s__,k__Bacteria;p__Bacteroidetes;c__Bacteroidia;o__Bacteroidales;f__;g__;s__,k__Bacteria;p__Firmicutes;c__Clostridia;o__Clostridiales;f__[Mogibacteriaceae];g__;s__,k__Bacteria;p__Firmicutes;c__Clostridia;o__Clostridiales;f__Lachnospiraceae;g__Coprococcus;s__eutactus,k__Bacteria;p__Firmicutes;c__Clostridia;o__Clostridiales;f__Christensenellaceae;g__;s__,k__Bacteria;p__Firmicutes;c__Clostridia;o__Clostridiales;f__Ruminococcaceae;g__Anaerotruncus;s__,k__Bacteria;p__Bacteroidetes;c__Bacteroidia;o__Bacteroidales;f__[Odoribacteraceae];g__Butyricimonas;s__,k__Bacteria;p__Firmicutes;c__Clostridia;o__Clostridiales;f__Lachnospiraceae;g__Anaerostipes;s__,k__Bacteria;p__Firmicutes;c__Clostridia;o__Clostridiales;f__Lachnospiraceae;g__Clostridium;s__symbiosum,k__Bacteria;p__Firmicutes;c__Clostridia;o__Clostridiales;f__Lachnospiraceae;g__Oribacterium;s__,k__Bacteria;p__Tenericutes;c__RF3;o__ML615J-28;f__;g__;s__,k__Bacteria;p__Firmicutes;c__Clostridia;o__Clostridiales;f__Lachnospiraceae;g__Clostridium;s__colinum,k__Bacteria;p__Actinobacteria;c__Coriobacteriia;o__Coriobacteriales;f__Coriobacteriaceae;g__Eggerthella;s__lenta,k__Bacteria;p__Bacteroidetes;c__Bacteroidia;o__Bacteroidales;f__Bacteroidaceae;__;__,k__Bacteria;p__Firmicutes;c__Clostridia;o__Clostridiales;f__Peptococcaceae;g__Peptococcus;s__,k__Bacteria;p__Firmicutes;c__Clostridia;o__Clostridiales;f__Lachnospiraceae;g__Coprococcus;s__catus,k__Bacteria;p__Firmicutes;c__Erysipelotrichi;o__Erysipelotrichales;f__Erysipelotrichaceae;g__[Eubacterium];s__,k__Bacteria;p__Proteobacteria;c__Gammaproteobacteria;o__Pasteurellales;f__Pasteurellaceae;g__Haemophilus;s__parainfluenzae,k__Bacteria;p__Proteobacteria;c__Betaproteobacteria;o__Burkholderiales;__;__;__,k__Bacteria;p__Bacteroidetes;c__Bacteroidia;o__Bacteroidales;f__Rikenellaceae;g__Alistipes;s__massiliensis,k__Bacteria;p__Firmicutes;c__Bacilli;o__Lactobacillales;f__Lactobacillaceae;g__Lactobacillus;s__ruminis,k__Bacteria;p__Firmicutes;c__Clostridia;o__Clostridiales;f__Clostridiaceae;g__Clostridium;__,k__Bacteria;p__Actinobacteria;c__Actinobacteria;o__Bifidobacteriales;f__Bifidobacteriaceae;g__Bifidobacterium;s__bifidum,k__Bacteria;p__Proteobacteria;c__Deltaproteobacteria;o__Desulfovibrionales;f__Desulfovibrionaceae;g__Desulfovibrio;s__D168,k__Bacteria;p__Firmicutes;c__Clostridia;o__Clostridiales;f__Lachnospiraceae;g__Clostridium;s__lavalense,k__Bacteria;p__Actinobacteria;c__Coriobacteriia;o__Coriobacteriales;f__Coriobacteriaceae;g__Collinsella;s__stercoris,k__Bacteria;p__Firmicutes;c__Erysipelotrichi;o__Erysipelotrichales;f__Erysipelotrichaceae;g__Allobaculum;s__,k__Bacteria;p__Firmicutes;c__Clostridia;o__Clostridiales;f__Peptostreptococcaceae;g__[Clostridium];__,k__Bacteria;p__Firmicutes;c__Erysipelotrichi;o__Erysipelotrichales;f__Erysipelotrichaceae;g__Clostridium;s__cocleatum,k__Bacteria;p__Firmicutes;c__Erysipelotrichi;o__Erysipelotrichales;f__Erysipelotrichaceae;g__Holdemania;s__,k__Bacteria;p__Firmicutes;c__Clostridia;o__Clostridiales;f__Lachnospiraceae;g__Clostridium;s__hathewayi,k__Bacteria;p__Firmicutes;c__Clostridia;o__Clostridiales;f__Lachnospiraceae;g__Roseburia;__,k__Bacteria;p__Actinobacteria;c__Coriobacteriia;o__Coriobacteriales;f__Coriobacteriaceae;g__;s__,k__Bacteria;p__Firmicutes;c__Erysipelotrichi;o__Erysipelotrichales;f__Erysipelotrichaceae;g__Catenibacterium;s__,k__Bacteria;p__Firmicutes;c__Clostridia;o__Clostridiales;f__Veillonellaceae;g__Veillonella;s__,k__Bacteria;__;__;__;__;__;__,k__Bacteria;p__Cyanobacteria;c__4C0d-2;o__YS2;f__;g__;s__,k__Bacteria;p__Firmicutes;c__Clostridia;o__Clostridiales;f__Clostridiaceae;g__Clostridium;s__perfringens,k__Bacteria;p__Firmicutes;c__Clostridia;o__Clostridiales;f__Lachnospiraceae;g__Blautia;__,k__Bacteria;p__Bacteroidetes;c__Bacteroidia;o__Bacteroidales;f__Rikenellaceae;g__Alistipes;s__indistinctus,k__Bacteria;p__Firmicutes;c__Clostridia;o__Clostridiales;f__Peptococcaceae;g__;s__,k__Bacteria;p__Firmicutes;__;__;__;__;__,k__Bacteria;p__Firmicutes;c__Clostridia;o__Clostridiales;f__Clostridiaceae;g__Clostridium;s__baratii,k__Bacteria;p__Firmicutes;c__Clostridia;o__Clostridiales;f__Ruminococcaceae;g__Butyricicoccus;s__pullicaecorum,k__Bacteria;p__Firmicutes;c__Clostridia;o__Clostridiales;f__Ruminococcaceae;g__Clostridium;s__methylpentosum,k__Bacteria;p__Actinobacteria;c__Actinobacteria;o__Bifidobacteriales;f__Bifidobacteriaceae;g__Bifidobacterium;s__,k__Bacteria;p__Firmicutes;c__Clostridia;o__Clostridiales;f__Lachnospiraceae;g__Clostridium;s__aldenense,k__Bacteria;p__Bacteroidetes;c__Bacteroidia;o__Bacteroidales;f__Porphyromonadaceae;g__Parabacteroides;s__gordonii,k__Bacteria;p__Firmicutes;c__Bacilli;o__Lactobacillales;f__Lactobacillaceae;g__Lactobacillus;__,k__Bacteria;p__Proteobacteria;__;__;__;__;__,k__Bacteria;p__Firmicutes;c__Bacilli;o__Lactobacillales;f__Leuconostocaceae;g__Leuconostoc;__,k__Bacteria;p__Firmicutes;c__Erysipelotrichi;o__Erysipelotrichales;f__Erysipelotrichaceae;g__Coprobacillus;s__cateniformis,k__Bacteria;p__Firmicutes;c__Bacilli;o__Lactobacillales;f__Streptococcaceae;g__Streptococcus;s__anginosus,k__Bacteria;p__Firmicutes;c__Clostridia;o__Clostridiales;f__Peptococcaceae;g__rc4-4;s__,k__Bacteria;p__Proteobacteria;c__Gammaproteobacteria;o__Aeromonadales;f__Aeromonadaceae;g__Aeromonas;__,k__Bacteria;p__Firmicutes;c__Erysipelotrichi;o__Erysipelotrichales;f__Erysipelotrichaceae;g__cc_115;s__,k__Bacteria;p__Firmicutes;c__Clostridia;o__Clostridiales;f__Peptostreptococcaceae;g__;s__,k__Bacteria;p__Firmicutes;c__Clostridia;o__Clostridiales;f__Clostridiaceae;g__;s__,k__Bacteria;p__Firmicutes;c__Bacilli;o__Lactobacillales;f__Lactobacillaceae;g__Lactobacillus;s__,k__Bacteria;p__Actinobacteria;c__Coriobacteriia;o__Coriobacteriales;f__Coriobacteriaceae;__;__,k__Bacteria;p__Firmicutes;c__Bacilli;o__Lactobacillales;f__Streptococcaceae;g__Lactococcus;s__,k__Bacteria;p__Firmicutes;c__Clostridia;o__Clostridiales;f__Ruminococcaceae;g__Oscillospira;s__guilliermondii,k__Bacteria;p__Firmicutes;c__Clostridia;o__Clostridiales;f__Veillonellaceae;g__Veillonella;s__parvula,k__Bacteria;p__Firmicutes;c__Clostridia;o__Clostridiales;f__Ruminococcaceae;g__Ruminococcus;s__albus,k__Bacteria;p__Fusobacteria;c__Fusobacteriia;o__Fusobacteriales;f__Fusobacteriaceae;g__Fusobacterium;s__,k__Bacteria;p__Firmicutes;c__Bacilli;o__Turicibacterales;f__Turicibacteraceae;g__Turicibacter;s__,k__Bacteria;p__Firmicutes;c__Bacilli;o__Lactobacillales;f__Carnobacteriaceae;__;__,k__Bacteria;p__Tenericutes;c__Mollicutes;o__RF39;f__;g__;s__,k__Bacteria;p__Cyanobacteria;c__Chloroplast;o__Streptophyta;f__;g__;s__,k__Bacteria;p__Firmicutes;c__Bacilli;o__Lactobacillales;f__Lactobacillaceae;g__Lactobacillus;s__salivarius,k__Bacteria;p__Firmicutes;c__Clostridia;o__Clostridiales;f__Veillonellaceae;g__;s__,k__Bacteria;p__Firmicutes;c__Bacilli;o__Lactobacillales;f__Lactobacillaceae;g__Lactobacillus;s__coleohominis,k__Bacteria;p__Firmicutes;c__Bacilli;o__Lactobacillales;f__Lactobacillaceae;g__Lactobacillus;s__zeae,k__Bacteria;p__Actinobacteria;c__Actinobacteria;o__Actinomycetales;f__Actinomycetaceae;g__Actinomyces;s__,k__Bacteria;p__Firmicutes;c__Bacilli;o__Lactobacillales;f__Lactobacillaceae;g__Lactobacillus;s__helveticus,k__Bacteria;p__Firmicutes;c__Clostridia;o__Clostridiales;f__Eubacteriaceae;g__Pseudoramibacter_Eubacterium;s__,k__Bacteria;p__Firmicutes;c__Clostridia;o__Clostridiales;f__Peptostreptococcaceae;__;__,k__Bacteria;p__Bacteroidetes;c__Bacteroidia;o__Bacteroidales;f__[Paraprevotellaceae];g__;s__,k__Bacteria;p__Firmicutes;c__Clostridia;o__Clostridiales;f__Clostridiaceae;g__Clostridium;s__septicum,k__Bacteria;p__Firmicutes;c__Bacilli;o__Bacillales;f__[Thermicanaceae];__;__,k__Bacteria;p__Firmicutes;c__Clostridia;o__Clostridiales;f__Lachnospiraceae;g__Robinsoniella;s__peoriensis,k__Bacteria;p__Firmicutes;c__Clostridia;o__Clostridiales;f__Ruminococcaceae;g__Faecalibacterium;__,k__Bacteria;p__Firmicutes;c__Clostridia;o__SHA-98;f__;g__;s__,k__Bacteria;p__Lentisphaerae;c__[Lentisphaeria];o__Victivallales;f__Victivallaceae;g__;s__,k__Bacteria;p__Firmicutes;c__Clostridia;o__Clostridiales;f__[Tissierellaceae];g__Finegoldia;s__,k__Bacteria;p__Firmicutes;c__Clostridia;o__Clostridiales;f__Clostridiaceae;g__SMB53;s__,k__Bacteria;p__Proteobacteria;c__Deltaproteobacteria;o__Desulfovibrionales;f__Desulfovibrionaceae;g__;s__,k__Bacteria;p__Proteobacteria;c__Deltaproteobacteria;o__Desulfovibrionales;f__Desulfovibrionaceae;__;__,k__Bacteria;p__Firmicutes;c__Clostridia;o__Clostridiales;f__Dehalobacteriaceae;g__Dehalobacterium;s__,k__Bacteria;p__Firmicutes;c__Clostridia;o__Clostridiales;f__[Tissierellaceae];g__Peptoniphilus;s__,k__Bacteria;p__Firmicutes;c__Clostridia;o__Clostridiales;f__Lachnospiraceae;g__Shuttleworthia;s__,k__Bacteria;p__Firmicutes;c__Clostridia;o__Clostridiales;f__[Mogibacteriaceae];g__Mogibacterium;s__,k__Bacteria;p__Bacteroidetes;c__Bacteroidia;o__Bacteroidales;f__Rikenellaceae;g__human;s__gut metagenome,k__Bacteria;p__Bacteroidetes;c__Bacteroidia;o__Bacteroidales;f__Prevotellaceae;g__;s__,k__Bacteria;p__Firmicutes;c__Clostridia;o__Clostridiales;f__Ruminococcaceae;g__Anaerofilum;s__,k__Bacteria;p__Proteobacteria;c__Betaproteobacteria;o__Burkholderiales;f__Oxalobacteraceae;g__Oxalobacter;s__formigenes,k__Bacteria;p__Synergistetes;c__Synergistia;o__Synergistales;f__Synergistaceae;g__Synergistes;s__,k__Bacteria;p__Firmicutes;c__Clostridia;o__Clostridiales;f__Eubacteriaceae;g__Anaerofustis;s__,k__Bacteria;p__Actinobacteria;c__Actinobacteria;o__Actinomycetales;f__Micrococcaceae;g__Rothia;s__mucilaginosa,k__Bacteria;p__Actinobacteria;c__Coriobacteriia;o__Coriobacteriales;f__Coriobacteriaceae;g__Collinsella;s__,k__Bacteria;p__Firmicutes;c__Bacilli;o__Gemellales;f__Gemellaceae;__;__,k__Bacteria;p__Proteobacteria;c__Gammaproteobacteria;o__Enterobacteriales;f__Enterobacteriaceae;g__Morganella;s__morganii,k__Bacteria;p__Actinobacteria;c__Coriobacteriia;o__Coriobacteriales;f__Coriobacteriaceae;g__Atopobium;s__,k__Bacteria;p__Firmicutes;c__Clostridia;o__Clostridiales;f__Lachnospiraceae;g__Lactonifactor;s__longoviformis,k__Bacteria;p__Proteobacteria;c__Epsilonproteobacteria;o__Campylobacterales;f__Campylobacteraceae;g__Campylobacter;s__,k__Bacteria;p__Firmicutes;c__Bacilli;o__Lactobacillales;f__Streptococcaceae;g__Streptococcus;s__sobrinus,k__Bacteria;p__Actinobacteria;c__Actinobacteria;o__Bifidobacteriales;f__Bifidobacteriaceae;g__Bifidobacterium;s__animalis,k__Bacteria;p__Actinobacteria;c__Coriobacteriia;o__Coriobacteriales;f__Coriobacteriaceae;g__Slackia;s__,k__Bacteria;p__Firmicutes;c__Bacilli;o__Lactobacillales;f__Lactobacillaceae;g__Lactobacillus;s__delbrueckii,k__Bacteria;p__Firmicutes;c__Bacilli;o__Lactobacillales;f__Lactobacillaceae;g__Lactobacillus;s__vaginalis,k__Bacteria;p__Firmicutes;c__Clostridia;o__Clostridiales;f__Clostridiaceae;__;__,k__Bacteria;p__Firmicutes;c__Bacilli;o__Lactobacillales;f__Leuconostocaceae;g__Leuconostoc;s__,k__Bacteria;p__Firmicutes;c__Clostridia;o__Clostridiales;f__Clostridiaceae;g__Clostridium;s__neonatale,k__Bacteria;p__Actinobacteria;c__Actinobacteria;o__Actinomycetales;f__Corynebacteriaceae;g__Corynebacterium;s__durum,k__Bacteria;p__Actinobacteria;c__Actinobacteria;o__Bifidobacteriales;f__Bifidobacteriaceae;g__Scardovia;s__,k__Bacteria;p__Firmicutes;c__Bacilli;o__Lactobacillales;f__Lactobacillaceae;g__Pediococcus;__,k__Bacteria;p__Firmicutes;c__Clostridia;o__Clostridiales;f__Christensenellaceae;g__Christensenella;s__,k__Bacteria;p__Firmicutes;c__Bacilli;o__Lactobacillales;f__Lactobacillaceae;__;__,k__Bacteria;p__Firmicutes;c__Bacilli;o__Lactobacillales;f__Streptococcaceae;g__Streptococcus;s__luteciae,k__Bacteria;p__Firmicutes;c__Clostridia;o__Clostridiales;f__[Tissierellaceae];g__Anaerococcus;s__,k__Bacteria;p__Proteobacteria;c__Gammaproteobacteria;o__Pasteurellales;f__Pasteurellaceae;g__Aggregatibacter;s__,k__Bacteria;p__Firmicutes;c__Bacilli;o__Bacillales;f__Bacillaceae;g__Geobacillus;__,k__Bacteria;p__Proteobacteria;c__Gammaproteobacteria;o__Pasteurellales;f__Pasteurellaceae;g__Aggregatibacter;__,k__Bacteria;p__Firmicutes;c__Clostridia;o__Clostridiales;f__Ruminococcaceae;g__Sporobacter;s__termitidis,k__Bacteria;p__Proteobacteria;c__Gammaproteobacteria;o__Pseudomonadales;f__Pseudomonadaceae;g__Pseudomonas;s__fragi,k__Bacteria;p__Firmicutes;c__Erysipelotrichi;o__Erysipelotrichales;f__Erysipelotrichaceae;g__Clostridium;s__saccharogumia,k__Bacteria;p__Firmicutes;c__Clostridia;o__Clostridiales;f__Clostridiaceae;g__Clostridium;s__butyricum,k__Bacteria;p__Bacteroidetes;c__Bacteroidia;o__Bacteroidales;f__Porphyromonadaceae;g__Porphyromonas;s__,k__Bacteria;p__Proteobacteria;c__Deltaproteobacteria;o__Desulfovibrionales;f__Desulfovibrionaceae;g__Desulfovibrio;s__C21_c20,k__Bacteria;p__Actinobacteria;c__Actinobacteria;o__Bifidobacteriales;f__Bifidobacteriaceae;g__Alloscardovia;s__,k__Bacteria;p__Proteobacteria;c__Gammaproteobacteria;o__Pseudomonadales;f__Moraxellaceae;g__Acinetobacter;__,k__Bacteria;p__Lentisphaerae;c__[Lentisphaeria];o__Victivallales;f__Victivallaceae;g__Victivallis;s__vadensis,k__Bacteria;p__Actinobacteria;c__Actinobacteria;o__Actinomycetales;f__Corynebacteriaceae;g__Corynebacterium;__,k__Bacteria;p__Firmicutes;c__Clostridia;o__Clostridiales;f__[Tissierellaceae];g__Parvimonas;s__,k__Bacteria;p__Proteobacteria;c__Betaproteobacteria;o__Neisseriales;f__Neisseriaceae;g__Neisseria;__,k__Bacteria;p__Actinobacteria;c__Actinobacteria;o__Bifidobacteriales;f__Bifidobacteriaceae;g__Bifidobacterium;s__pseudolongum,k__Bacteria;p__Bacteroidetes;c__Bacteroidia;o__Bacteroidales;f__Prevotellaceae;g__Prevotella;s__melaninogenica,k__Bacteria;p__Proteobacteria;c__Gammaproteobacteria;o__Pasteurellales;f__Pasteurellaceae;__;__,k__Bacteria;p__Firmicutes;c__Clostridia;o__Clostridiales;f__Peptostreptococcaceae;g__Clostridium;s__ruminantium,k__Bacteria;p__Proteobacteria;c__Alphaproteobacteria;o__Rhizobiales;f__Bradyrhizobiaceae;__;__,k__Bacteria;p__Actinobacteria;c__Actinobacteria;o__Actinomycetales;f__Actinomycetaceae;g__;s__,Unassigned;__;__;__;__;__;__,k__Bacteria;p__Bacteroidetes;__;__;__;__;__,k__Bacteria;p__Proteobacteria;c__Betaproteobacteria;o__Neisseriales;f__Neisseriaceae;g__Neisseria;s__canis,k__Bacteria;p__Proteobacteria;c__Gammaproteobacteria;__;__;__;__,k__Bacteria;p__Bacteroidetes;c__Cytophagia;o__Cytophagales;f__Flammeovirgaceae;__;__,k__Bacteria;p__Bacteroidetes;c__Bacteroidia;o__Bacteroidales;f__Rikenellaceae;__;__,k__Bacteria;p__Proteobacteria;c__Alphaproteobacteria;o__Rickettsiales;f__mitochondria;__;__,k__Bacteria;p__Firmicutes;c__Erysipelotrichi;o__Erysipelotrichales;f__Erysipelotrichaceae;g__Bulleidia;s__moorei,k__Bacteria;p__Proteobacteria;c__Epsilonproteobacteria;o__Campylobacterales;f__Campylobacteraceae;g__Campylobacter;s__ureolyticus,k__Bacteria;p__Proteobacteria;c__Alphaproteobacteria;o__Sphingomonadales;f__Sphingomonadaceae;g__Sphingomonas;__,k__Bacteria;p__Proteobacteria;c__Betaproteobacteria;o__Burkholderiales;f__Oxalobacteraceae;g__Janthinobacterium;s__,k__Bacteria;p__Firmicutes;c__Clostridia;o__Clostridiales;f__Dehalobacteriaceae;g__;s__,k__Bacteria;p__Acidobacteria;c__Sva0725;o__Sva0725;f__;g__;s__,response,sample-name,sample
SRR6000872,4767.0,1060.0,539.0,1319.0,106.0,269.0,0.0,100.0,2402.0,871.0,1289.0,228.0,266.0,73.0,204.0,19.0,0.0,44.0,0.0,51.0,262.0,217.0,173.0,311.0,173.0,0.0,98.0,0.0,55.0,22.0,183.0,445.0,83.0,77.0,85.0,31.0,0.0,51.0,128.0,91.0,1615.0,0.0,608.0,6.0,12.0,154.0,252.0,344.0,46.0,0.0,145.0,180.0,141.0,336.0,76.0,14.0,539.0,353.0,0.0,1861.0,0.0,0.0,0.0,3.0,0.0,0.0,17.0,130.0,190.0,92.0,41.0,0.0,62.0,0.0,0.0,0.0,22.0,35.0,0.0,30.0,0.0,0.0,0.0,3.0,7.0,11.0,0.0,34.0,0.0,7.0,4.0,0.0,12.0,0.0,0.0,0.0,0.0,5.0,0.0,0.0,0.0,0.0,4.0,0.0,0.0,0.0,18.0,0.0,0.0,11.0,0.0,0.0,0.0,0.0,6.0,0.0,0.0,11.0,0.0,0.0,0.0,40.0,0.0,7.0,8.0,0.0,0.0,0.0,0.0,6.0,0.0,0.0,0.0,0.0,0.0,0.0,0.0,0.0,0.0,0.0,0.0,0.0,32.0,0.0,0.0,0.0,24.0,0.0,0.0,0.0,0.0,0.0,0.0,0.0,0.0,0.0,0.0,0.0,0.0,0.0,2.0,0.0,0.0,0.0,0.0,0.0,0.0,0.0,23.0,0.0,0.0,0.0,0.0,0.0,0.0,0.0,0.0,0.0,0.0,0.0,0.0,26.0,0.0,0.0,0.0,0.0,0.0,0.0,0.0,0.0,0.0,0.0,0.0,0.0,0.0,0.0,0.0,0.0,0.0,0.0,0.0,5.0,0.0,0.0,0.0,0.0,0.0,0.0,0.0,0.0,0.0,0.0,0.0,0.0,0.0,0.0,0.0,0.0,0.0,0.0,0.0,0.0,0.0,0.0,0.0,0.0,0.0,0.0,0.0,2.0,0.0,0.0,0.0,0.0,0.0,0.0,0.0,0.0,0.0,Responder,SAM_34,P34
SRR6000875,5372.0,2578.0,8515.0,0.0,0.0,663.0,29.0,686.0,1296.0,266.0,442.0,0.0,178.0,0.0,1239.0,9.0,0.0,92.0,0.0,0.0,79.0,0.0,364.0,31.0,544.0,246.0,0.0,404.0,0.0,0.0,0.0,391.0,139.0,0.0,0.0,169.0,0.0,0.0,190.0,16.0,0.0,0.0,0.0,0.0,5.0,794.0,381.0,81.0,174.0,0.0,25.0,0.0,0.0,0.0,97.0,0.0,451.0,170.0,0.0,0.0,0.0,0.0,150.0,16.0,0.0,59.0,34.0,97.0,0.0,861.0,13.0,0.0,10.0,73.0,0.0,0.0,0.0,0.0,0.0,36.0,0.0,0.0,0.0,0.0,123.0,14.0,0.0,6.0,0.0,0.0,83.0,0.0,11.0,9.0,238.0,0.0,0.0,15.0,0.0,0.0,0.0,0.0,0.0,0.0,0.0,0.0,2.0,0.0,0.0,12.0,0.0,0.0,0.0,0.0,19.0,0.0,148.0,2.0,0.0,0.0,6.0,0.0,0.0,0.0,0.0,12.0,15.0,0.0,0.0,0.0,0.0,0.0,0.0,0.0,0.0,0.0,0.0,0.0,0.0,0.0,0.0,0.0,0.0,0.0,0.0,0.0,0.0,13.0,0.0,0.0,5.0,0.0,0.0,0.0,0.0,0.0,0.0,0.0,0.0,0.0,0.0,0.0,0.0,0.0,0.0,0.0,0.0,0.0,0.0,0.0,0.0,0.0,0.0,0.0,0.0,3.0,0.0,0.0,0.0,0.0,0.0,0.0,0.0,0.0,0.0,0.0,0.0,0.0,0.0,0.0,0.0,0.0,0.0,0.0,0.0,0.0,0.0,0.0,0.0,0.0,0.0,0.0,0.0,0.0,0.0,0.0,0.0,0.0,0.0,0.0,0.0,0.0,0.0,0.0,0.0,2.0,0.0,0.0,0.0,0.0,0.0,0.0,0.0,0.0,0.0,0.0,0.0,0.0,0.0,0.0,0.0,0.0,0.0,0.0,0.0,0.0,0.0,0.0,0.0,NonResponder,SAM_41,P41
SRR6000876,10029.0,0.0,4633.0,1959.0,3169.0,0.0,17.0,979.0,422.0,878.0,7.0,0.0,448.0,0.0,62.0,6.0,0.0,51.0,0.0,0.0,206.0,0.0,68.0,413.0,303.0,94.0,8.0,99.0,215.0,71.0,0.0,0.0,58.0,39.0,0.0,0.0,0.0,389.0,167.0,100.0,0.0,0.0,0.0,0.0,40.0,513.0,199.0,0.0,178.0,0.0,59.0,0.0,70.0,0.0,0.0,0.0,236.0,90.0,0.0,0.0,0.0,0.0,0.0,6.0,0.0,77.0,0.0,9.0,0.0,27.0,0.0,0.0,19.0,46.0,0.0,0.0,0.0,0.0,0.0,5.0,0.0,0.0,0.0,6.0,0.0,12.0,0.0,0.0,0.0,0.0,7.0,0.0,36.0,0.0,0.0,0.0,0.0,43.0,0.0,0.0,0.0,0.0,6.0,0.0,0.0,0.0,0.0,0.0,0.0,16.0,0.0,0.0,0.0,0.0,29.0,14.0,0.0,0.0,0.0,0.0,6.0,0.0,0.0,0.0,0.0,0.0,0.0,0.0,0.0,0.0,0.0,0.0,0.0,0.0,0.0,0.0,0.0,0.0,0.0,0.0,0.0,0.0,0.0,0.0,0.0,4.0,0.0,0.0,0.0,0.0,8.0,0.0,0.0,0.0,0.0,0.0,0.0,0.0,0.0,0.0,0.0,0.0,0.0,0.0,0.0,0.0,0.0,0.0,0.0,0.0,0.0,0.0,0.0,0.0,0.0,0.0,0.0,0.0,0.0,0.0,0.0,0.0,0.0,0.0,0.0,0.0,0.0,0.0,0.0,0.0,0.0,0.0,0.0,0.0,0.0,0.0,0.0,0.0,0.0,0.0,0.0,0.0,0.0,0.0,0.0,0.0,0.0,0.0,0.0,0.0,0.0,0.0,0.0,0.0,0.0,6.0,0.0,0.0,0.0,0.0,0.0,0.0,0.0,0.0,0.0,0.0,0.0,0.0,0.0,0.0,0.0,0.0,0.0,0.0,0.0,0.0,0.0,0.0,0.0,NonResponder,SAM_42,P42
SRR6000880,7430.0,0.0,4432.0,0.0,0.0,1422.0,93.0,0.0,0.0,324.0,0.0,0.0,0.0,0.0,6.0,26.0,1296.0,6.0,0.0,542.0,0.0,0.0,664.0,0.0,83.0,0.0,119.0,2231.0,0.0,0.0,0.0,0.0,83.0,69.0,0.0,0.0,0.0,0.0,0.0,0.0,0.0,0.0,0.0,20.0,443.0,102.0,133.0,0.0,250.0,0.0,151.0,0.0,0.0,0.0,0.0,0.0,0.0,0.0,0.0,0.0,0.0,255.0,0.0,0.0,0.0,322.0,0.0,0.0,0.0,0.0,0.0,0.0,0.0,31.0,0.0,0.0,0.0,0.0,0.0,110.0,0.0,0.0,0.0,680.0,0.0,0.0,0.0,0.0,0.0,0.0,19.0,0.0,0.0,0.0,0.0,0.0,0.0,9.0,0.0,0.0,0.0,0.0,37.0,0.0,0.0,0.0,0.0,0.0,0.0,0.0,0.0,0.0,0.0,0.0,0.0,33.0,0.0,0.0,0.0,0.0,6.0,0.0,0.0,0.0,0.0,0.0,0.0,0.0,0.0,0.0,0.0,20.0,0.0,0.0,0.0,0.0,0.0,0.0,0.0,0.0,0.0,0.0,0.0,0.0,0.0,0.0,0.0,0.0,0.0,8.0,3.0,0.0,0.0,0.0,0.0,41.0,0.0,0.0,0.0,0.0,0.0,0.0,0.0,0.0,0.0,0.0,0.0,0.0,0.0,0.0,0.0,0.0,0.0,0.0,0.0,0.0,0.0,0.0,0.0,0.0,0.0,0.0,0.0,0.0,0.0,0.0,0.0,3.0,0.0,20.0,0.0,0.0,0.0,0.0,0.0,0.0,0.0,0.0,0.0,0.0,0.0,0.0,0.0,0.0,0.0,5.0,0.0,0.0,0.0,0.0,0.0,7.0,0.0,0.0,0.0,0.0,0.0,0.0,0.0,0.0,0.0,0.0,3.0,0.0,0.0,0.0,0.0,0.0,0.0,0.0,0.0,0.0,0.0,0.0,0.0,0.0,0.0,0.0,0.0,Responder,SAM_27,P27
SRR6000881,2493.0,482.0,1952.0,113.0,72.0,451.0,2534.0,1013.0,3076.0,550.0,12.0,379.0,93.0,84.0,1328.0,49.0,0.0,483.0,0.0,2777.0,0.0,402.0,57.0,39.0,669.0,185.0,21.0,0.0,81.0,0.0,161.0,0.0,309.0,156.0,125.0,39.0,0.0,240.0,86.0,51.0,78.0,689.0,280.0,62.0,6.0,387.0,658.0,154.0,28.0,0.0,13.0,85.0,65.0,0.0,117.0,274.0,390.0,357.0,254.0,0.0,0.0,0.0,85.0,0.0,0.0,0.0,0.0,148.0,0.0,459.0,64.0,0.0,48.0,446.0,0.0,0.0,0.0,0.0,0.0,7.0,0.0,0.0,0.0,59.0,10.0,12.0,20.0,25.0,0.0,9.0,0.0,202.0,122.0,0.0,25.0,0.0,0.0,0.0,0.0,0.0,19.0,0.0,48.0,0.0,0.0,0.0,31.0,0.0,104.0,0.0,0.0,0.0,0.0,0.0,3.0,0.0,71.0,12.0,0.0,0.0,3.0,0.0,41.0,0.0,0.0,0.0,10.0,135.0,41.0,0.0,0.0,0.0,0.0,101.0,0.0,0.0,0.0,0.0,0.0,63.0,0.0,0.0,0.0,0.0,0.0,0.0,0.0,12.0,0.0,31.0,11.0,0.0,131.0,0.0,0.0,0.0,0.0,0.0,0.0,0.0,0.0,59.0,0.0,0.0,0.0,0.0,0.0,0.0,0.0,2.0,0.0,0.0,0.0,0.0,0.0,0.0,0.0,0.0,0.0,29.0,0.0,0.0,0.0,0.0,16.0,0.0,0.0,0.0,0.0,0.0,0.0,0.0,6.0,0.0,0.0,0.0,0.0,0.0,0.0,0.0,0.0,0.0,0.0,0.0,0.0,0.0,0.0,0.0,0.0,0.0,0.0,0.0,0.0,0.0,0.0,0.0,6.0,0.0,0.0,0.0,0.0,0.0,0.0,0.0,0.0,0.0,0.0,0.0,0.0,0.0,0.0,0.0,0.0,0.0,0.0,0.0,0.0,0.0,0.0,Responder,SAM_28,P28
SRR6000882,4112.0,9369.0,1677.0,366.0,216.0,819.0,21.0,0.0,65.0,1518.0,804.0,0.0,915.0,1448.0,0.0,645.0,0.0,88.0,0.0,403.0,252.0,0.0,477.0,0.0,369.0,0.0,8.0,198.0,0.0,0.0,53.0,0.0,52.0,0.0,113.0,0.0,0.0,0.0,191.0,0.0,0.0,0.0,0.0,0.0,760.0,942.0,2954.0,277.0,364.0,0.0,58.0,0.0,0.0,325.0,202.0,0.0,120.0,138.0,0.0,0.0,0.0,186.0,0.0,147.0,0.0,243.0,0.0,44.0,0.0,251.0,0.0,0.0,0.0,86.0,0.0,852.0,0.0,36.0,40.0,30.0,0.0,0.0,0.0,0.0,9.0,13.0,0.0,171.0,0.0,36.0,145.0,0.0,35.0,8.0,0.0,0.0,0.0,24.0,0.0,70.0,0.0,0.0,0.0,0.0,382.0,0.0,0.0,0.0,0.0,0.0,0.0,0.0,0.0,0.0,0.0,0.0,0.0,25.0,0.0,0.0,5.0,0.0,0.0,0.0,0.0,0.0,0.0,0.0,0.0,18.0,0.0,0.0,0.0,0.0,0.0,0.0,0.0,0.0,0.0,0.0,9.0,18.0,0.0,0.0,0.0,0.0,0.0,0.0,2.0,0.0,0.0,0.0,0.0,0.0,0.0,0.0,0.0,32.0,0.0,0.0,22.0,0.0,0.0,0.0,0.0,19.0,0.0,2.0,0.0,0.0,0.0,0.0,10.0,5.0,0.0,0.0,0.0,0.0,0.0,0.0,0.0,0.0,0.0,0.0,0.0,0.0,0.0,0.0,0.0,0.0,0.0,0.0,0.0,0.0,0.0,0.0,0.0,0.0,0.0,0.0,0.0,10.0,0.0,0.0,0.0,0.0,0.0,0.0,0.0,0.0,0.0,0.0,0.0,0.0,0.0,0.0,0.0,6.0,0.0,0.0,0.0,0.0,0.0,0.0,0.0,0.0,0.0,0.0,0.0,0.0,0.0,0.0,0.0,0.0,0.0,0.0,0.0,0.0,0.0,NonResponder,SAM_25,P25
SRR6000883,5227.0,1160.0,4239.0,368.0,145.0,818.0,7.0,2593.0,1519.0,1261.0,7.0,0.0,637.0,0.0,290.0,190.0,0.0,73.0,0.0,0.0,0.0,319.0,98.0,109.0,559.0,329.0,78.0,35.0,233.0,0.0,95.0,503.0,208.0,97.0,51.0,0.0,3427.0,396.0,22.0,123.0,0.0,660.0,0.0,0.0,4.0,193.0,134.0,0.0,0.0,0.0,16.0,762.0,48.0,0.0,113.0,0.0,464.0,71.0,0.0,0.0,0.0,0.0,18.0,0.0,0.0,5.0,54.0,18.0,0.0,141.0,0.0,0.0,33.0,0.0,0.0,0.0,0.0,0.0,0.0,0.0,0.0,0.0,0.0,0.0,3.0,18.0,0.0,4.0,0.0,2.0,0.0,0.0,45.0,0.0,37.0,0.0,0.0,8.0,0.0,0.0,0.0,0.0,88.0,0.0,0.0,0.0,77.0,0.0,0.0,0.0,0.0,4.0,0.0,0.0,4.0,0.0,0.0,0.0,0.0,0.0,0.0,0.0,0.0,13.0,0.0,38.0,0.0,0.0,0.0,0.0,0.0,0.0,0.0,0.0,0.0,0.0,0.0,0.0,0.0,0.0,0.0,0.0,0.0,0.0,0.0,5.0,11.0,0.0,0.0,0.0,15.0,0.0,0.0,0.0,0.0,0.0,0.0,0.0,0.0,0.0,0.0,0.0,0.0,0.0,0.0,0.0,0.0,0.0,0.0,0.0,0.0,0.0,0.0,0.0,0.0,0.0,0.0,0.0,34.0,0.0,0.0,0.0,0.0,0.0,0.0,0.0,0.0,0.0,0.0,0.0,0.0,0.0,0.0,0.0,0.0,0.0,0.0,0.0,0.0,0.0,0.0,0.0,0.0,0.0,0.0,0.0,0.0,8.0,0.0,0.0,0.0,0.0,0.0,0.0,0.0,0.0,0.0,0.0,0.0,0.0,0.0,0.0,0.0,0.0,0.0,0.0,0.0,0.0,0.0,0.0,0.0,0.0,0.0,0.0,0.0,0.0,0.0,0.0,0.0,NonResponder,SAM_26,P26
SRR6000884,5466.0,4411.0,2020.0,1805.0,0.0,0.0,1873.0,277.0,232.0,1132.0,3984.0,0.0,1091.0,0.0,0.0,7.0,458.0,492.0,0.0,0.0,0.0,171.0,37.0,362.0,469.0,63.0,150.0,113.0,0.0,0.0,79.0,0.0,96.0,303.0,246.0,0.0,0.0,0.0,0.0,8.0,0.0,101.0,0.0,19.0,90.0,256.0,93.0,0.0,50.0,0.0,81.0,0.0,14.0,0.0,0.0,0.0,241.0,16.0,0.0,0.0,0.0,0.0,0.0,19.0,0.0,164.0,0.0,71.0,0.0,39.0,0.0,0.0,74.0,33.0,0.0,0.0,0.0,0.0,0.0,114.0,0.0,0.0,0.0,0.0,13.0,0.0,0.0,59.0,0.0,15.0,14.0,0.0,0.0,56.0,0.0,0.0,0.0,9.0,0.0,0.0,0.0,0.0,0.0,0.0,0.0,0.0,6.0,187.0,0.0,0.0,0.0,0.0,0.0,0.0,3.0,0.0,0.0,0.0,0.0,0.0,3.0,0.0,14.0,0.0,0.0,0.0,0.0,0.0,0.0,0.0,0.0,0.0,0.0,0.0,0.0,0.0,0.0,0.0,0.0,0.0,0.0,0.0,0.0,0.0,0.0,0.0,0.0,0.0,6.0,0.0,21.0,0.0,0.0,0.0,0.0,10.0,0.0,0.0,0.0,0.0,0.0,0.0,0.0,0.0,0.0,0.0,0.0,0.0,0.0,0.0,8.0,0.0,0.0,0.0,0.0,0.0,0.0,0.0,0.0,0.0,0.0,0.0,0.0,0.0,0.0,0.0,0.0,0.0,0.0,0.0,0.0,0.0,0.0,0.0,0.0,0.0,0.0,0.0,0.0,0.0,0.0,0.0,0.0,0.0,0.0,0.0,0.0,0.0,0.0,0.0,0.0,0.0,0.0,0.0,0.0,0.0,0.0,0.0,0.0,0.0,0.0,0.0,0.0,0.0,0.0,0.0,0.0,0.0,0.0,0.0,0.0,0.0,0.0,0.0,0.0,0.0,0.0,0.0,0.0,Responder,SAM_23,P23
SRR6000885,2147.0,0.0,1516.0,298.0,321.0,832.0,9.0,471.0,2777.0,345.0,778.0,886.0,133.0,0.0,62.0,16.0,126.0,7470.0,0.0,0.0,104.0,62.0,13.0,6.0,892.0,163.0,47.0,0.0,13.0,258.0,220.0,366.0,135.0,78.0,0.0,137.0,0.0,292.0,63.0,106.0,906.0,5.0,0.0,0.0,9.0,1292.0,60.0,23.0,28.0,0.0,14.0,251.0,193.0,0.0,57.0,538.0,253.0,444.0,608.0,0.0,0.0,0.0,285.0,0.0,10.0,0.0,0.0,1093.0,98.0,1023.0,221.0,0.0,35.0,44.0,0.0,0.0,0.0,0.0,11.0,0.0,0.0,0.0,0.0,0.0,0.0,17.0,0.0,37.0,272.0,79.0,23.0,6.0,38.0,0.0,28.0,74.0,18.0,3.0,0.0,0.0,15.0,0.0,0.0,0.0,0.0,0.0,0.0,0.0,0.0,0.0,7.0,0.0,0.0,0.0,6.0,0.0,0.0,19.0,0.0,0.0,0.0,71.0,0.0,0.0,0.0,0.0,33.0,0.0,0.0,11.0,0.0,0.0,0.0,27.0,0.0,0.0,0.0,0.0,21.0,0.0,13.0,0.0,7.0,0.0,0.0,3.0,0.0,0.0,0.0,0.0,0.0,0.0,2.0,0.0,0.0,0.0,0.0,0.0,0.0,0.0,0.0,0.0,0.0,0.0,0.0,0.0,0.0,11.0,0.0,0.0,0.0,0.0,0.0,0.0,0.0,11.0,0.0,0.0,0.0,0.0,0.0,0.0,0.0,0.0,0.0,0.0,0.0,0.0,0.0,2.0,0.0,0.0,0.0,0.0,0.0,0.0,0.0,0.0,0.0,0.0,0.0,0.0,0.0,0.0,0.0,0.0,0.0,0.0,8.0,0.0,0.0,0.0,0.0,0.0,0.0,0.0,0.0,0.0,0.0,0.0,0.0,0.0,0.0,0.0,0.0,0.0,0.0,0.0,0.0,0.0,0.0,0.0,0.0,0.0,0.0,0.0,0.0,0.0,0.0,Responder,SAM_24,P24
SRR6000886,6588.0,0.0,90.0,1678.0,245.0,0.0,28.0,1120.0,1014.0,793.0,1463.0,554.0,1090.0,0.0,609.0,10.0,104.0,546.0,0.0,174.0,17.0,738.0,146.0,91.0,955.0,146.0,899.0,64.0,0.0,0.0,19.0,0.0,109.0,502.0,84.0,277.0,0.0,170.0,204.0,3.0,0.0,630.0,0.0,0.0,30.0,369.0,165.0,279.0,294.0,560.0,73.0,608.0,30.0,0.0,146.0,0.0,495.0,330.0,0.0,0.0,0.0,0.0,768.0,44.0,0.0,253.0,0.0,103.0,0.0,96.0,0.0,0.0,0.0,41.0,0.0,0.0,0.0,0.0,0.0,16.0,0.0,0.0,0.0,0.0,0.0,12.0,0.0,73.0,0.0,21.0,0.0,0.0,95.0,0.0,31.0,0.0,29.0,12.0,0.0,54.0,0.0,0.0,5.0,0.0,0.0,0.0,0.0,0.0,0.0,0.0,0.0,0.0,0.0,0.0,9.0,0.0,0.0,28.0,0.0,0.0,4.0,20.0,0.0,37.0,0.0,23.0,0.0,0.0,72.0,5.0,0.0,0.0,0.0,0.0,0.0,0.0,0.0,0.0,0.0,0.0,0.0,0.0,0.0,0.0,0.0,0.0,0.0,0.0,2.0,0.0,6.0,0.0,0.0,0.0,0.0,0.0,0.0,0.0,0.0,0.0,0.0,0.0,0.0,0.0,0.0,0.0,0.0,0.0,0.0,0.0,0.0,0.0,0.0,0.0,0.0,0.0,0.0,0.0,0.0,0.0,0.0,0.0,0.0,0.0,0.0,0.0,0.0,0.0,0.0,0.0,0.0,0.0,0.0,0.0,0.0,0.0,0.0,0.0,0.0,0.0,0.0,0.0,0.0,0.0,0.0,0.0,0.0,0.0,0.0,0.0,0.0,0.0,0.0,0.0,0.0,0.0,0.0,0.0,0.0,0.0,0.0,0.0,0.0,0.0,0.0,0.0,0.0,0.0,0.0,0.0,2.0,0.0,0.0,0.0,0.0,0.0,0.0,0.0,0.0,NonResponder,SAM_21,P21
SRR6000887,5029.0,2848.0,758.0,1395.0,244.0,0.0,0.0,273.0,1317.0,756.0,10.0,848.0,126.0,0.0,275.0,63.0,0.0,245.0,0.0,0.0,498.0,21.0,209.0,0.0,831.0,203.0,106.0,86.0,0.0,30.0,34.0,104.0,128.0,2.0,0.0,345.0,0.0,180.0,30.0,158.0,0.0,0.0,0.0,0.0,23.0,560.0,182.0,89.0,216.0,0.0,46.0,0.0,220.0,321.0,0.0,0.0,351.0,217.0,0.0,0.0,0.0,0.0,0.0,0.0,5.0,173.0,0.0,89.0,134.0,257.0,0.0,0.0,75.0,0.0,0.0,0.0,0.0,0.0,0.0,47.0,0.0,0.0,0.0,5.0,0.0,17.0,0.0,59.0,0.0,10.0,46.0,0.0,24.0,0.0,0.0,0.0,0.0,0.0,0.0,0.0,17.0,0.0,0.0,0.0,0.0,0.0,0.0,0.0,0.0,0.0,0.0,0.0,0.0,0.0,11.0,0.0,0.0,19.0,0.0,0.0,0.0,0.0,0.0,0.0,0.0,0.0,0.0,0.0,0.0,8.0,0.0,0.0,149.0,0.0,0.0,0.0,0.0,0.0,0.0,0.0,33.0,0.0,0.0,0.0,0.0,0.0,0.0,0.0,4.0,0.0,0.0,0.0,0.0,0.0,0.0,0.0,0.0,35.0,0.0,0.0,0.0,0.0,0.0,0.0,0.0,0.0,0.0,0.0,0.0,0.0,0.0,0.0,0.0,0.0,0.0,0.0,0.0,0.0,0.0,0.0,0.0,0.0,0.0,0.0,0.0,0.0,0.0,0.0,0.0,0.0,0.0,0.0,0.0,18.0,0.0,0.0,0.0,0.0,0.0,0.0,0.0,0.0,0.0,0.0,0.0,0.0,0.0,0.0,0.0,0.0,0.0,0.0,0.0,0.0,0.0,0.0,0.0,0.0,0.0,0.0,0.0,0.0,0.0,0.0,0.0,0.0,0.0,0.0,0.0,0.0,0.0,0.0,0.0,0.0,0.0,0.0,0.0,0.0,0.0,NonResponder,SAM_22,P22
SRR6000888,7532.0,5907.0,1087.0,121.0,3895.0,1625.0,7.0,0.0,48.0,322.0,774.0,239.0,0.0,1670.0,14.0,33.0,0.0,328.0,0.0,0.0,91.0,0.0,287.0,136.0,89.0,40.0,19.0,19.0,0.0,0.0,0.0,34.0,31.0,0.0,0.0,0.0,0.0,125.0,115.0,14.0,0.0,0.0,0.0,0.0,62.0,1837.0,336.0,49.0,241.0,0.0,45.0,435.0,0.0,0.0,84.0,0.0,192.0,1052.0,14.0,0.0,0.0,9.0,13.0,41.0,0.0,94.0,0.0,145.0,0.0,111.0,0.0,0.0,0.0,73.0,0.0,0.0,0.0,0.0,0.0,0.0,0.0,0.0,0.0,11.0,0.0,10.0,0.0,13.0,0.0,4.0,100.0,0.0,0.0,0.0,0.0,0.0,0.0,0.0,0.0,0.0,0.0,0.0,0.0,0.0,0.0,0.0,3.0,0.0,0.0,30.0,0.0,0.0,0.0,0.0,20.0,0.0,0.0,0.0,0.0,0.0,2.0,0.0,0.0,0.0,0.0,10.0,0.0,0.0,0.0,85.0,0.0,0.0,0.0,0.0,0.0,0.0,0.0,0.0,0.0,0.0,55.0,0.0,0.0,0.0,0.0,0.0,0.0,0.0,0.0,10.0,0.0,0.0,0.0,0.0,0.0,0.0,0.0,0.0,0.0,0.0,26.0,0.0,0.0,0.0,0.0,0.0,0.0,0.0,0.0,0.0,0.0,0.0,0.0,0.0,0.0,0.0,0.0,0.0,0.0,3.0,0.0,0.0,0.0,0.0,0.0,0.0,0.0,2.0,0.0,0.0,0.0,0.0,0.0,0.0,0.0,0.0,0.0,0.0,0.0,0.0,0.0,0.0,0.0,0.0,0.0,0.0,0.0,0.0,0.0,0.0,0.0,0.0,0.0,0.0,0.0,0.0,0.0,0.0,0.0,0.0,0.0,0.0,0.0,0.0,0.0,0.0,0.0,0.0,0.0,0.0,0.0,0.0,0.0,0.0,0.0,0.0,0.0,0.0,0.0,Responder,SAM_29,P29
SRR6000889,2942.0,155.0,1136.0,945.0,55.0,0.0,98.0,0.0,1485.0,576.0,425.0,336.0,57.0,0.0,0.0,2589.0,952.0,549.0,0.0,0.0,1157.0,0.0,74.0,1392.0,316.0,0.0,228.0,387.0,0.0,0.0,105.0,0.0,2027.0,0.0,0.0,0.0,0.0,28.0,43.0,1408.0,0.0,0.0,0.0,0.0,224.0,42.0,777.0,76.0,612.0,0.0,935.0,0.0,46.0,432.0,0.0,0.0,1904.0,50.0,354.0,0.0,0.0,89.0,0.0,163.0,0.0,589.0,0.0,333.0,0.0,226.0,0.0,0.0,0.0,0.0,0.0,9.0,29.0,151.0,0.0,113.0,0.0,0.0,0.0,4.0,9.0,115.0,0.0,95.0,0.0,26.0,10.0,13.0,78.0,131.0,0.0,0.0,0.0,0.0,0.0,0.0,0.0,0.0,0.0,0.0,0.0,0.0,0.0,0.0,0.0,112.0,0.0,0.0,0.0,0.0,11.0,200.0,0.0,23.0,0.0,0.0,3.0,0.0,0.0,146.0,44.0,13.0,0.0,0.0,0.0,57.0,25.0,0.0,0.0,0.0,0.0,0.0,112.0,0.0,9.0,0.0,0.0,107.0,5.0,0.0,0.0,34.0,0.0,0.0,0.0,0.0,37.0,24.0,0.0,0.0,0.0,0.0,64.0,0.0,0.0,0.0,0.0,0.0,0.0,0.0,0.0,0.0,0.0,0.0,0.0,0.0,0.0,0.0,0.0,5.0,0.0,0.0,4.0,0.0,0.0,10.0,0.0,0.0,4.0,0.0,0.0,0.0,0.0,3.0,0.0,0.0,0.0,0.0,0.0,0.0,7.0,0.0,0.0,0.0,0.0,2.0,0.0,0.0,0.0,0.0,0.0,0.0,0.0,0.0,0.0,0.0,0.0,0.0,0.0,0.0,0.0,0.0,0.0,0.0,0.0,0.0,0.0,0.0,0.0,3.0,0.0,0.0,0.0,0.0,0.0,0.0,0.0,0.0,0.0,0.0,0.0,0.0,0.0,0.0,0.0,NonResponder,SAM_30,P30
SRR6000897,5794.0,555.0,1434.0,1551.0,17.0,1294.0,481.0,489.0,1103.0,127.0,14.0,87.0,596.0,631.0,0.0,7.0,3927.0,147.0,0.0,0.0,175.0,219.0,0.0,109.0,439.0,75.0,170.0,167.0,197.0,62.0,163.0,0.0,298.0,17.0,90.0,0.0,0.0,712.0,108.0,27.0,0.0,28.0,0.0,0.0,8.0,192.0,56.0,147.0,284.0,0.0,41.0,0.0,40.0,0.0,92.0,194.0,142.0,737.0,496.0,0.0,0.0,120.0,22.0,0.0,1330.0,0.0,0.0,112.0,0.0,676.0,0.0,0.0,60.0,143.0,0.0,0.0,0.0,0.0,0.0,0.0,0.0,0.0,0.0,26.0,0.0,0.0,634.0,110.0,0.0,175.0,0.0,95.0,23.0,12.0,42.0,15.0,0.0,0.0,0.0,0.0,40.0,0.0,19.0,0.0,0.0,0.0,374.0,0.0,0.0,0.0,0.0,3.0,0.0,0.0,11.0,0.0,0.0,13.0,0.0,0.0,0.0,3.0,7.0,0.0,0.0,0.0,0.0,26.0,0.0,0.0,0.0,0.0,0.0,0.0,0.0,0.0,0.0,0.0,0.0,0.0,0.0,0.0,0.0,0.0,0.0,0.0,0.0,0.0,0.0,25.0,4.0,0.0,64.0,0.0,0.0,0.0,0.0,0.0,0.0,0.0,0.0,0.0,0.0,0.0,0.0,0.0,0.0,3.0,0.0,0.0,40.0,0.0,0.0,0.0,0.0,0.0,6.0,0.0,0.0,0.0,0.0,0.0,0.0,0.0,0.0,0.0,0.0,0.0,0.0,5.0,0.0,0.0,0.0,0.0,0.0,0.0,0.0,0.0,0.0,0.0,0.0,0.0,0.0,0.0,0.0,0.0,0.0,0.0,0.0,0.0,0.0,0.0,0.0,0.0,0.0,0.0,0.0,0.0,0.0,5.0,0.0,0.0,0.0,0.0,0.0,0.0,0.0,2.0,0.0,0.0,0.0,2.0,0.0,0.0,0.0,0.0,0.0,0.0,0.0,NonResponder,SAM_40,P40
SRR6000898,1107.0,1070.0,107.0,242.0,639.0,432.0,0.0,115.0,565.0,327.0,826.0,453.0,247.0,404.0,9.0,16.0,81.0,128.0,0.0,0.0,209.0,0.0,0.0,113.0,687.0,81.0,27.0,14.0,23.0,0.0,91.0,0.0,59.0,0.0,110.0,13.0,0.0,19.0,181.0,98.0,0.0,0.0,17.0,0.0,19.0,491.0,285.0,67.0,149.0,0.0,25.0,0.0,31.0,137.0,21.0,486.0,93.0,274.0,505.0,0.0,0.0,9.0,330.0,0.0,0.0,0.0,6.0,496.0,278.0,314.0,13.0,0.0,22.0,0.0,0.0,0.0,267.0,24.0,11.0,67.0,0.0,0.0,0.0,0.0,0.0,5.0,0.0,49.0,0.0,573.0,16.0,85.0,62.0,11.0,0.0,0.0,0.0,0.0,0.0,0.0,21.0,0.0,0.0,0.0,0.0,0.0,0.0,0.0,0.0,0.0,0.0,0.0,0.0,0.0,8.0,0.0,0.0,34.0,0.0,0.0,0.0,21.0,0.0,0.0,34.0,0.0,0.0,0.0,0.0,53.0,0.0,0.0,0.0,0.0,0.0,0.0,0.0,0.0,0.0,0.0,0.0,0.0,0.0,0.0,0.0,0.0,0.0,0.0,0.0,0.0,0.0,0.0,0.0,0.0,0.0,0.0,0.0,0.0,0.0,0.0,0.0,0.0,0.0,0.0,0.0,0.0,0.0,0.0,15.0,0.0,0.0,39.0,0.0,4.0,0.0,20.0,0.0,36.0,0.0,0.0,22.0,0.0,2.0,0.0,0.0,0.0,0.0,0.0,0.0,0.0,0.0,0.0,0.0,0.0,0.0,0.0,0.0,0.0,0.0,0.0,0.0,0.0,0.0,0.0,0.0,0.0,0.0,0.0,0.0,0.0,0.0,0.0,0.0,0.0,0.0,0.0,0.0,0.0,0.0,0.0,0.0,0.0,0.0,0.0,0.0,0.0,0.0,0.0,0.0,0.0,0.0,0.0,0.0,0.0,0.0,0.0,0.0,0.0,0.0,Responder,SAM_39,P39
SRR6000904,8369.0,1874.0,1174.0,587.0,313.0,461.0,0.0,634.0,1970.0,624.0,19.0,687.0,505.0,65.0,369.0,15.0,23.0,64.0,0.0,0.0,0.0,92.0,18.0,68.0,669.0,236.0,24.0,0.0,18.0,89.0,209.0,95.0,54.0,0.0,5.0,80.0,0.0,3142.0,259.0,206.0,0.0,455.0,0.0,0.0,7.0,230.0,106.0,93.0,69.0,0.0,28.0,10.0,59.0,0.0,100.0,0.0,694.0,757.0,105.0,0.0,0.0,0.0,9.0,0.0,0.0,0.0,0.0,159.0,122.0,266.0,101.0,0.0,54.0,65.0,0.0,0.0,0.0,0.0,0.0,0.0,0.0,0.0,0.0,0.0,0.0,8.0,0.0,33.0,0.0,3.0,10.0,108.0,40.0,0.0,28.0,0.0,0.0,0.0,0.0,0.0,41.0,0.0,0.0,0.0,0.0,0.0,91.0,0.0,0.0,0.0,0.0,5.0,0.0,0.0,8.0,0.0,0.0,48.0,0.0,0.0,7.0,129.0,0.0,0.0,0.0,0.0,0.0,0.0,0.0,11.0,0.0,10.0,0.0,16.0,8.0,0.0,0.0,0.0,54.0,0.0,6.0,0.0,0.0,0.0,0.0,0.0,0.0,0.0,0.0,0.0,0.0,0.0,0.0,101.0,0.0,0.0,0.0,0.0,0.0,0.0,0.0,0.0,3.0,0.0,0.0,0.0,0.0,0.0,0.0,0.0,0.0,0.0,0.0,0.0,0.0,5.0,0.0,0.0,0.0,0.0,0.0,0.0,0.0,0.0,0.0,0.0,0.0,0.0,0.0,0.0,0.0,0.0,0.0,0.0,0.0,0.0,0.0,0.0,0.0,0.0,0.0,0.0,0.0,0.0,0.0,0.0,0.0,0.0,0.0,8.0,0.0,0.0,0.0,0.0,0.0,0.0,0.0,0.0,0.0,0.0,0.0,0.0,0.0,0.0,0.0,0.0,0.0,0.0,0.0,0.0,0.0,0.0,2.0,0.0,0.0,0.0,0.0,0.0,0.0,NonResponder,SAM_10,P10
SRR6000913,5594.0,4034.0,1159.0,0.0,101.0,2416.0,1015.0,367.0,1202.0,96.0,175.0,0.0,27.0,852.0,109.0,116.0,0.0,46.0,0.0,0.0,430.0,39.0,36.0,540.0,96.0,0.0,150.0,42.0,20.0,0.0,485.0,0.0,129.0,129.0,40.0,507.0,0.0,139.0,0.0,54.0,0.0,0.0,0.0,0.0,77.0,876.0,1761.0,0.0,0.0,0.0,36.0,209.0,56.0,0.0,29.0,0.0,281.0,7.0,0.0,0.0,0.0,0.0,0.0,0.0,5.0,0.0,0.0,0.0,0.0,120.0,0.0,0.0,19.0,34.0,0.0,0.0,0.0,0.0,0.0,6.0,0.0,0.0,0.0,0.0,0.0,18.0,0.0,3.0,0.0,11.0,155.0,0.0,10.0,18.0,0.0,0.0,0.0,0.0,0.0,0.0,0.0,0.0,4.0,0.0,0.0,0.0,0.0,0.0,0.0,19.0,0.0,0.0,0.0,258.0,13.0,0.0,0.0,0.0,0.0,0.0,0.0,0.0,0.0,0.0,0.0,0.0,0.0,0.0,3.0,0.0,0.0,0.0,0.0,0.0,0.0,0.0,0.0,0.0,0.0,0.0,0.0,0.0,21.0,0.0,0.0,5.0,0.0,9.0,0.0,0.0,0.0,16.0,0.0,0.0,0.0,0.0,0.0,0.0,5.0,0.0,0.0,0.0,0.0,0.0,0.0,0.0,0.0,0.0,0.0,0.0,0.0,0.0,0.0,0.0,0.0,0.0,0.0,0.0,0.0,8.0,0.0,0.0,0.0,0.0,0.0,0.0,0.0,0.0,0.0,0.0,0.0,0.0,0.0,0.0,0.0,0.0,0.0,0.0,0.0,0.0,0.0,0.0,0.0,0.0,0.0,0.0,0.0,0.0,0.0,0.0,0.0,0.0,5.0,0.0,0.0,0.0,0.0,0.0,0.0,0.0,0.0,0.0,0.0,0.0,0.0,0.0,0.0,0.0,0.0,0.0,0.0,0.0,0.0,2.0,0.0,0.0,0.0,0.0,0.0,Responder,SAM_36,P36
SRR6000914,4234.0,569.0,235.0,853.0,633.0,393.0,54.0,640.0,836.0,1990.0,2755.0,1531.0,233.0,0.0,27.0,31.0,539.0,890.0,0.0,0.0,0.0,0.0,122.0,177.0,1289.0,172.0,264.0,0.0,0.0,360.0,0.0,1013.0,81.0,0.0,46.0,238.0,0.0,70.0,0.0,62.0,0.0,298.0,0.0,0.0,46.0,852.0,676.0,73.0,347.0,0.0,0.0,753.0,40.0,0.0,189.0,0.0,613.0,776.0,0.0,0.0,0.0,0.0,13.0,662.0,0.0,191.0,134.0,593.0,0.0,155.0,116.0,1154.0,11.0,52.0,0.0,0.0,0.0,138.0,0.0,146.0,0.0,0.0,0.0,0.0,20.0,12.0,50.0,72.0,0.0,668.0,9.0,88.0,0.0,0.0,0.0,0.0,0.0,5.0,0.0,0.0,0.0,0.0,0.0,0.0,0.0,0.0,0.0,0.0,0.0,0.0,0.0,0.0,0.0,0.0,36.0,0.0,0.0,19.0,0.0,0.0,12.0,0.0,0.0,103.0,0.0,165.0,0.0,0.0,0.0,9.0,0.0,0.0,0.0,8.0,8.0,0.0,0.0,0.0,0.0,0.0,0.0,0.0,0.0,0.0,0.0,0.0,0.0,0.0,0.0,0.0,0.0,0.0,0.0,0.0,0.0,0.0,0.0,0.0,0.0,0.0,0.0,0.0,0.0,0.0,53.0,0.0,0.0,16.0,0.0,0.0,0.0,0.0,0.0,10.0,0.0,0.0,15.0,0.0,0.0,0.0,0.0,0.0,5.0,0.0,0.0,0.0,0.0,0.0,0.0,0.0,0.0,0.0,0.0,0.0,0.0,10.0,0.0,0.0,0.0,0.0,0.0,0.0,0.0,0.0,0.0,0.0,0.0,0.0,0.0,0.0,0.0,0.0,0.0,4.0,0.0,0.0,0.0,0.0,0.0,0.0,0.0,0.0,0.0,0.0,0.0,0.0,0.0,0.0,0.0,0.0,0.0,0.0,0.0,0.0,0.0,0.0,0.0,0.0,0.0,NonResponder,SAM_35,P35
SRR6000915,5524.0,3335.0,1207.0,320.0,51.0,323.0,57.0,394.0,1225.0,160.0,353.0,0.0,0.0,0.0,238.0,7.0,0.0,226.0,0.0,0.0,184.0,105.0,35.0,0.0,257.0,254.0,0.0,0.0,11.0,0.0,648.0,0.0,22.0,0.0,8.0,132.0,0.0,1207.0,97.0,13.0,0.0,0.0,0.0,0.0,14.0,502.0,215.0,1033.0,55.0,0.0,0.0,0.0,57.0,141.0,331.0,142.0,283.0,85.0,376.0,0.0,0.0,0.0,13.0,0.0,0.0,54.0,40.0,195.0,0.0,211.0,86.0,0.0,16.0,0.0,0.0,0.0,0.0,0.0,0.0,0.0,0.0,0.0,0.0,0.0,6.0,5.0,16.0,14.0,0.0,14.0,0.0,311.0,25.0,0.0,0.0,3.0,0.0,3.0,0.0,0.0,0.0,0.0,0.0,0.0,0.0,0.0,14.0,0.0,0.0,0.0,0.0,0.0,0.0,0.0,7.0,0.0,0.0,9.0,0.0,0.0,0.0,30.0,0.0,0.0,4.0,2.0,5.0,0.0,0.0,0.0,0.0,0.0,0.0,0.0,13.0,0.0,0.0,0.0,0.0,0.0,0.0,0.0,0.0,0.0,0.0,0.0,0.0,0.0,0.0,0.0,0.0,0.0,16.0,0.0,0.0,0.0,0.0,0.0,0.0,0.0,0.0,0.0,0.0,0.0,0.0,0.0,0.0,3.0,15.0,0.0,0.0,0.0,28.0,5.0,0.0,0.0,0.0,0.0,0.0,0.0,0.0,0.0,0.0,0.0,0.0,0.0,0.0,0.0,0.0,0.0,0.0,0.0,0.0,0.0,0.0,0.0,0.0,0.0,0.0,0.0,0.0,0.0,0.0,0.0,0.0,0.0,0.0,0.0,0.0,0.0,0.0,0.0,0.0,0.0,0.0,0.0,0.0,0.0,0.0,0.0,0.0,0.0,0.0,0.0,0.0,0.0,0.0,0.0,0.0,0.0,0.0,0.0,0.0,0.0,0.0,0.0,0.0,0.0,0.0,NonResponder,SAM_38,P38
SRR6000916,11656.0,0.0,1679.0,4459.0,0.0,581.0,3382.0,49.0,2463.0,638.0,13.0,0.0,0.0,0.0,0.0,0.0,0.0,27.0,1360.0,0.0,0.0,160.0,0.0,0.0,237.0,124.0,213.0,53.0,501.0,0.0,23.0,0.0,190.0,14.0,0.0,0.0,0.0,94.0,108.0,0.0,0.0,273.0,0.0,16.0,37.0,327.0,107.0,16.0,310.0,0.0,47.0,0.0,48.0,0.0,0.0,0.0,222.0,79.0,0.0,0.0,0.0,166.0,49.0,0.0,0.0,36.0,0.0,20.0,0.0,0.0,0.0,0.0,0.0,87.0,0.0,0.0,0.0,0.0,0.0,64.0,0.0,0.0,0.0,0.0,14.0,0.0,0.0,2.0,0.0,0.0,26.0,0.0,22.0,22.0,53.0,0.0,0.0,33.0,0.0,0.0,81.0,0.0,0.0,95.0,0.0,0.0,0.0,0.0,0.0,0.0,0.0,6.0,0.0,0.0,0.0,0.0,0.0,0.0,0.0,0.0,5.0,0.0,0.0,0.0,0.0,0.0,3.0,0.0,0.0,0.0,0.0,14.0,0.0,0.0,0.0,0.0,0.0,0.0,0.0,51.0,0.0,0.0,0.0,0.0,0.0,0.0,0.0,0.0,0.0,56.0,0.0,0.0,0.0,0.0,0.0,0.0,0.0,0.0,3.0,0.0,0.0,0.0,0.0,0.0,0.0,0.0,0.0,0.0,0.0,0.0,0.0,0.0,0.0,0.0,0.0,10.0,0.0,0.0,0.0,0.0,0.0,0.0,0.0,0.0,0.0,0.0,0.0,0.0,0.0,0.0,0.0,0.0,0.0,0.0,0.0,0.0,0.0,0.0,0.0,0.0,0.0,0.0,0.0,0.0,0.0,0.0,0.0,0.0,0.0,0.0,0.0,0.0,0.0,0.0,0.0,0.0,0.0,0.0,0.0,0.0,0.0,0.0,0.0,0.0,0.0,0.0,0.0,0.0,0.0,0.0,0.0,0.0,0.0,0.0,0.0,0.0,0.0,0.0,0.0,Responder,SAM_37,P37
SRR6000917,4775.0,4369.0,73.0,0.0,152.0,338.0,0.0,631.0,288.0,773.0,197.0,0.0,0.0,1008.0,993.0,42.0,87.0,746.0,0.0,0.0,175.0,0.0,239.0,84.0,488.0,70.0,0.0,11.0,56.0,262.0,111.0,0.0,162.0,14.0,23.0,142.0,0.0,207.0,163.0,46.0,0.0,0.0,0.0,0.0,61.0,468.0,215.0,454.0,233.0,0.0,20.0,0.0,57.0,0.0,46.0,0.0,229.0,428.0,13.0,0.0,0.0,0.0,163.0,0.0,0.0,0.0,85.0,209.0,0.0,356.0,138.0,0.0,100.0,23.0,0.0,0.0,4.0,4.0,0.0,6.0,0.0,0.0,0.0,0.0,0.0,11.0,0.0,17.0,0.0,11.0,22.0,0.0,0.0,0.0,0.0,0.0,0.0,7.0,0.0,0.0,0.0,0.0,0.0,0.0,0.0,0.0,0.0,0.0,0.0,0.0,0.0,5.0,0.0,0.0,12.0,0.0,0.0,30.0,0.0,0.0,4.0,0.0,0.0,14.0,0.0,0.0,0.0,0.0,0.0,0.0,0.0,0.0,0.0,0.0,0.0,0.0,0.0,0.0,3.0,0.0,0.0,0.0,0.0,0.0,0.0,0.0,0.0,0.0,0.0,0.0,0.0,0.0,0.0,0.0,0.0,0.0,0.0,0.0,0.0,0.0,0.0,0.0,0.0,0.0,0.0,0.0,0.0,0.0,0.0,0.0,0.0,0.0,0.0,0.0,0.0,0.0,0.0,0.0,0.0,0.0,0.0,0.0,0.0,0.0,0.0,5.0,0.0,0.0,0.0,0.0,0.0,0.0,0.0,0.0,0.0,0.0,0.0,0.0,0.0,0.0,0.0,0.0,0.0,0.0,0.0,0.0,0.0,0.0,0.0,0.0,6.0,0.0,0.0,0.0,0.0,0.0,0.0,0.0,2.0,0.0,0.0,2.0,0.0,0.0,0.0,0.0,0.0,0.0,0.0,0.0,0.0,0.0,0.0,2.0,0.0,0.0,0.0,0.0,0.0,NonResponder,SAM_32,P32
SRR6000918,5606.0,3254.0,2061.0,344.0,120.0,1399.0,0.0,0.0,1969.0,120.0,23.0,504.0,408.0,30.0,1604.0,113.0,0.0,1477.0,1885.0,0.0,0.0,0.0,136.0,165.0,88.0,0.0,128.0,50.0,0.0,0.0,0.0,224.0,183.0,0.0,0.0,43.0,0.0,54.0,0.0,19.0,0.0,0.0,0.0,0.0,12.0,326.0,310.0,111.0,117.0,4.0,99.0,68.0,0.0,85.0,95.0,58.0,762.0,22.0,212.0,0.0,0.0,0.0,0.0,20.0,0.0,0.0,0.0,203.0,0.0,107.0,7.0,0.0,0.0,58.0,0.0,77.0,0.0,0.0,0.0,15.0,0.0,0.0,0.0,0.0,22.0,22.0,0.0,28.0,0.0,32.0,0.0,44.0,0.0,0.0,0.0,23.0,0.0,7.0,0.0,0.0,0.0,0.0,0.0,0.0,0.0,0.0,0.0,0.0,0.0,44.0,0.0,0.0,0.0,0.0,7.0,25.0,0.0,0.0,0.0,0.0,0.0,16.0,0.0,0.0,13.0,23.0,17.0,0.0,0.0,19.0,0.0,0.0,0.0,0.0,0.0,0.0,0.0,0.0,0.0,0.0,0.0,0.0,0.0,0.0,0.0,0.0,0.0,0.0,0.0,0.0,0.0,0.0,0.0,0.0,0.0,0.0,0.0,0.0,0.0,0.0,0.0,0.0,0.0,0.0,0.0,0.0,0.0,4.0,12.0,0.0,0.0,0.0,0.0,0.0,0.0,0.0,0.0,0.0,0.0,0.0,0.0,0.0,0.0,0.0,0.0,0.0,0.0,0.0,0.0,0.0,0.0,0.0,0.0,0.0,0.0,0.0,0.0,0.0,0.0,0.0,0.0,0.0,0.0,0.0,0.0,0.0,0.0,0.0,0.0,0.0,0.0,0.0,0.0,0.0,0.0,0.0,0.0,0.0,0.0,0.0,4.0,0.0,0.0,0.0,3.0,0.0,0.0,0.0,0.0,0.0,0.0,0.0,0.0,0.0,0.0,0.0,0.0,0.0,0.0,NonResponder,SAM_31,P31
SRR6000919,976.0,0.0,1037.0,150.0,47.0,130.0,1691.0,1438.0,0.0,6004.0,0.0,0.0,0.0,473.0,0.0,344.0,0.0,0.0,0.0,0.0,6.0,0.0,222.0,0.0,473.0,584.0,250.0,61.0,0.0,0.0,703.0,0.0,478.0,4173.0,2009.0,0.0,0.0,0.0,0.0,0.0,0.0,0.0,0.0,127.0,39.0,36.0,8.0,0.0,564.0,0.0,0.0,0.0,0.0,0.0,0.0,0.0,93.0,143.0,24.0,0.0,0.0,303.0,0.0,11.0,13.0,13.0,0.0,0.0,0.0,24.0,0.0,0.0,178.0,21.0,0.0,0.0,0.0,0.0,0.0,113.0,784.0,0.0,0.0,2.0,57.0,0.0,0.0,0.0,0.0,0.0,0.0,0.0,0.0,7.0,0.0,0.0,0.0,48.0,0.0,0.0,0.0,0.0,5.0,0.0,0.0,0.0,0.0,0.0,0.0,0.0,0.0,386.0,0.0,0.0,3.0,0.0,0.0,12.0,0.0,0.0,0.0,0.0,0.0,17.0,0.0,0.0,0.0,0.0,0.0,0.0,60.0,0.0,0.0,0.0,0.0,0.0,0.0,33.0,0.0,0.0,0.0,0.0,0.0,98.0,0.0,0.0,0.0,0.0,0.0,0.0,0.0,0.0,0.0,0.0,70.0,0.0,0.0,0.0,22.0,60.0,0.0,0.0,0.0,0.0,0.0,0.0,0.0,0.0,0.0,50.0,0.0,0.0,0.0,0.0,37.0,0.0,0.0,0.0,0.0,0.0,0.0,0.0,0.0,0.0,0.0,8.0,0.0,2.0,0.0,0.0,9.0,0.0,0.0,0.0,0.0,0.0,0.0,0.0,0.0,0.0,13.0,0.0,0.0,0.0,10.0,0.0,0.0,0.0,0.0,0.0,0.0,0.0,2.0,0.0,0.0,0.0,0.0,0.0,0.0,0.0,0.0,0.0,0.0,0.0,0.0,3.0,0.0,0.0,0.0,0.0,0.0,0.0,0.0,0.0,0.0,0.0,0.0,0.0,0.0,Responder,SAM_20,P20
SRR6000922,9087.0,664.0,94.0,83.0,33.0,843.0,459.0,1063.0,1508.0,771.0,328.0,126.0,481.0,0.0,206.0,22.0,0.0,295.0,2494.0,43.0,96.0,159.0,59.0,17.0,610.0,111.0,95.0,16.0,21.0,224.0,99.0,358.0,161.0,19.0,4.0,51.0,124.0,439.0,0.0,43.0,0.0,0.0,0.0,0.0,21.0,184.0,95.0,335.0,52.0,0.0,0.0,0.0,199.0,0.0,58.0,156.0,418.0,453.0,26.0,0.0,1657.0,0.0,169.0,0.0,503.0,21.0,10.0,480.0,0.0,295.0,276.0,0.0,15.0,62.0,0.0,0.0,0.0,0.0,0.0,0.0,0.0,0.0,53.0,5.0,15.0,0.0,0.0,96.0,100.0,127.0,0.0,27.0,15.0,0.0,0.0,175.0,0.0,0.0,0.0,0.0,9.0,0.0,5.0,0.0,0.0,0.0,0.0,0.0,0.0,0.0,0.0,0.0,0.0,0.0,4.0,0.0,0.0,13.0,98.0,0.0,5.0,20.0,0.0,0.0,0.0,0.0,0.0,0.0,0.0,0.0,0.0,0.0,0.0,0.0,0.0,0.0,0.0,0.0,0.0,0.0,0.0,0.0,39.0,0.0,0.0,17.0,0.0,0.0,0.0,0.0,0.0,0.0,0.0,0.0,0.0,0.0,0.0,16.0,0.0,0.0,0.0,0.0,0.0,0.0,0.0,0.0,0.0,7.0,0.0,0.0,0.0,0.0,0.0,8.0,0.0,0.0,0.0,0.0,0.0,0.0,0.0,0.0,0.0,0.0,0.0,0.0,0.0,0.0,0.0,0.0,0.0,0.0,0.0,0.0,0.0,0.0,0.0,0.0,0.0,0.0,0.0,0.0,0.0,0.0,0.0,0.0,0.0,0.0,0.0,0.0,0.0,0.0,0.0,0.0,0.0,0.0,0.0,0.0,0.0,0.0,0.0,0.0,0.0,0.0,0.0,0.0,0.0,0.0,0.0,0.0,0.0,0.0,0.0,0.0,2.0,0.0,0.0,0.0,0.0,NonResponder,SAM_19,P19
SRR6000923,5216.0,1350.0,3378.0,425.0,229.0,663.0,0.0,0.0,348.0,117.0,0.0,155.0,377.0,255.0,0.0,0.0,0.0,20.0,0.0,0.0,162.0,0.0,9.0,0.0,0.0,0.0,0.0,14.0,0.0,0.0,0.0,0.0,11.0,0.0,5.0,0.0,0.0,12.0,62.0,0.0,0.0,0.0,500.0,0.0,13.0,317.0,2.0,34.0,0.0,0.0,0.0,140.0,0.0,68.0,0.0,0.0,106.0,0.0,110.0,0.0,0.0,11.0,0.0,0.0,0.0,0.0,0.0,81.0,0.0,33.0,0.0,0.0,0.0,65.0,0.0,0.0,0.0,0.0,0.0,0.0,0.0,0.0,134.0,0.0,0.0,0.0,0.0,0.0,0.0,0.0,7.0,142.0,40.0,0.0,0.0,0.0,4.0,0.0,0.0,0.0,0.0,0.0,0.0,0.0,0.0,0.0,0.0,6.0,0.0,0.0,0.0,0.0,0.0,0.0,20.0,0.0,0.0,0.0,0.0,0.0,0.0,47.0,0.0,0.0,0.0,0.0,0.0,0.0,0.0,0.0,0.0,0.0,0.0,0.0,0.0,0.0,0.0,0.0,0.0,0.0,0.0,0.0,0.0,0.0,2.0,0.0,0.0,0.0,0.0,0.0,0.0,0.0,0.0,0.0,0.0,0.0,0.0,0.0,0.0,0.0,3.0,0.0,0.0,0.0,0.0,0.0,0.0,0.0,0.0,0.0,0.0,0.0,0.0,0.0,0.0,0.0,0.0,0.0,0.0,0.0,0.0,0.0,0.0,0.0,0.0,0.0,0.0,0.0,0.0,0.0,0.0,0.0,0.0,0.0,0.0,0.0,0.0,0.0,0.0,0.0,0.0,0.0,0.0,0.0,0.0,0.0,9.0,0.0,0.0,0.0,0.0,0.0,0.0,0.0,0.0,0.0,0.0,0.0,0.0,0.0,0.0,0.0,0.0,0.0,0.0,0.0,0.0,0.0,0.0,0.0,0.0,0.0,0.0,0.0,0.0,0.0,0.0,0.0,0.0,NonResponder,SAM_18,P18
SRR6000924,1698.0,69.0,773.0,114.0,0.0,441.0,101.0,830.0,3132.0,1133.0,37.0,156.0,0.0,250.0,0.0,19.0,19.0,976.0,539.0,58.0,0.0,571.0,21.0,0.0,1244.0,415.0,1388.0,55.0,90.0,1925.0,386.0,0.0,89.0,278.0,37.0,109.0,0.0,86.0,197.0,146.0,0.0,1187.0,517.0,0.0,9.0,306.0,228.0,70.0,148.0,4622.0,29.0,0.0,90.0,0.0,46.0,0.0,276.0,200.0,0.0,0.0,0.0,0.0,0.0,0.0,137.0,18.0,119.0,63.0,212.0,404.0,0.0,0.0,42.0,30.0,0.0,184.0,0.0,0.0,0.0,6.0,0.0,0.0,0.0,0.0,0.0,6.0,0.0,62.0,0.0,4.0,0.0,40.0,40.0,0.0,86.0,0.0,2.0,0.0,0.0,81.0,0.0,5.0,0.0,0.0,0.0,0.0,0.0,0.0,225.0,0.0,0.0,0.0,0.0,0.0,0.0,0.0,0.0,0.0,0.0,0.0,2.0,0.0,0.0,11.0,0.0,0.0,0.0,0.0,0.0,0.0,0.0,0.0,0.0,0.0,0.0,0.0,0.0,0.0,0.0,0.0,0.0,0.0,0.0,0.0,0.0,0.0,0.0,0.0,0.0,0.0,17.0,0.0,0.0,2.0,0.0,0.0,0.0,0.0,0.0,0.0,0.0,0.0,57.0,0.0,0.0,0.0,0.0,0.0,0.0,0.0,0.0,0.0,0.0,3.0,0.0,0.0,0.0,0.0,0.0,0.0,0.0,0.0,0.0,0.0,0.0,0.0,0.0,0.0,0.0,0.0,0.0,0.0,0.0,0.0,0.0,0.0,0.0,0.0,0.0,0.0,0.0,0.0,0.0,0.0,0.0,0.0,0.0,0.0,0.0,0.0,0.0,0.0,0.0,0.0,0.0,0.0,0.0,3.0,2.0,0.0,0.0,0.0,0.0,0.0,0.0,0.0,0.0,0.0,0.0,0.0,0.0,0.0,0.0,0.0,0.0,2.0,2.0,0.0,0.0,NonResponder,SAM_17,P17
SRR6000925,1605.0,714.0,382.0,476.0,3435.0,417.0,153.0,654.0,1234.0,320.0,3455.0,148.0,0.0,0.0,0.0,3327.0,0.0,427.0,108.0,0.0,225.0,0.0,234.0,156.0,773.0,37.0,243.0,162.0,9.0,345.0,0.0,0.0,135.0,413.0,378.0,22.0,0.0,12.0,36.0,12.0,0.0,0.0,0.0,2367.0,135.0,598.0,542.0,55.0,0.0,0.0,60.0,0.0,0.0,0.0,37.0,0.0,23.0,382.0,206.0,0.0,0.0,9.0,211.0,49.0,0.0,65.0,0.0,539.0,59.0,121.0,0.0,0.0,0.0,21.0,565.0,0.0,205.0,462.0,554.0,13.0,0.0,705.0,0.0,0.0,0.0,34.0,48.0,86.0,0.0,471.0,39.0,26.0,0.0,8.0,0.0,0.0,0.0,15.0,0.0,0.0,0.0,0.0,3.0,0.0,0.0,377.0,0.0,48.0,0.0,0.0,19.0,0.0,0.0,0.0,0.0,0.0,0.0,12.0,0.0,0.0,8.0,0.0,0.0,0.0,0.0,0.0,0.0,0.0,0.0,0.0,0.0,12.0,0.0,0.0,0.0,107.0,0.0,0.0,0.0,0.0,7.0,0.0,0.0,0.0,0.0,7.0,0.0,0.0,10.0,5.0,0.0,0.0,0.0,0.0,0.0,0.0,0.0,0.0,13.0,0.0,0.0,0.0,0.0,0.0,0.0,0.0,0.0,0.0,0.0,0.0,0.0,0.0,0.0,5.0,0.0,0.0,0.0,0.0,0.0,0.0,0.0,0.0,6.0,0.0,0.0,0.0,0.0,3.0,12.0,0.0,0.0,0.0,0.0,0.0,0.0,0.0,0.0,0.0,0.0,0.0,0.0,0.0,12.0,0.0,0.0,0.0,0.0,0.0,0.0,0.0,0.0,0.0,0.0,0.0,0.0,0.0,0.0,0.0,0.0,0.0,0.0,0.0,0.0,0.0,0.0,0.0,0.0,0.0,0.0,0.0,0.0,0.0,0.0,0.0,0.0,0.0,0.0,0.0,0.0,Responder,SAM_16,P16
SRR6000926,3620.0,2351.0,2041.0,0.0,615.0,383.0,6.0,0.0,3262.0,649.0,278.0,0.0,580.0,510.0,115.0,29.0,0.0,448.0,0.0,0.0,0.0,264.0,0.0,101.0,714.0,0.0,28.0,48.0,11.0,0.0,6.0,659.0,112.0,73.0,0.0,181.0,0.0,408.0,196.0,91.0,0.0,464.0,0.0,0.0,8.0,1397.0,221.0,0.0,14.0,0.0,22.0,0.0,0.0,0.0,0.0,0.0,341.0,90.0,0.0,0.0,0.0,80.0,1407.0,0.0,0.0,12.0,0.0,488.0,190.0,676.0,0.0,0.0,0.0,0.0,0.0,252.0,0.0,0.0,0.0,114.0,0.0,0.0,0.0,0.0,44.0,0.0,0.0,60.0,0.0,28.0,15.0,0.0,39.0,10.0,0.0,0.0,0.0,11.0,0.0,0.0,0.0,0.0,6.0,0.0,0.0,0.0,0.0,58.0,0.0,9.0,0.0,0.0,0.0,0.0,12.0,0.0,0.0,8.0,0.0,0.0,3.0,0.0,0.0,0.0,0.0,6.0,0.0,0.0,23.0,0.0,0.0,0.0,0.0,0.0,0.0,0.0,0.0,0.0,0.0,0.0,0.0,0.0,0.0,0.0,8.0,0.0,0.0,0.0,6.0,0.0,0.0,0.0,0.0,0.0,0.0,5.0,0.0,0.0,0.0,0.0,6.0,0.0,0.0,0.0,0.0,0.0,0.0,4.0,0.0,0.0,0.0,0.0,0.0,0.0,0.0,0.0,0.0,0.0,0.0,0.0,8.0,0.0,0.0,0.0,0.0,0.0,0.0,0.0,0.0,0.0,0.0,0.0,0.0,0.0,0.0,0.0,0.0,14.0,0.0,0.0,0.0,0.0,0.0,0.0,0.0,0.0,0.0,0.0,0.0,0.0,0.0,0.0,0.0,0.0,0.0,0.0,0.0,0.0,0.0,0.0,0.0,0.0,0.0,0.0,0.0,0.0,3.0,0.0,0.0,0.0,0.0,0.0,0.0,0.0,0.0,0.0,0.0,0.0,0.0,NonResponder,SAM_15,P15
SRR6000927,4863.0,1438.0,2478.0,741.0,186.0,354.0,170.0,0.0,943.0,638.0,0.0,0.0,0.0,0.0,96.0,94.0,221.0,109.0,0.0,0.0,103.0,0.0,25.0,62.0,288.0,129.0,0.0,0.0,218.0,447.0,0.0,0.0,37.0,0.0,5.0,0.0,0.0,352.0,432.0,119.0,0.0,0.0,0.0,0.0,9.0,226.0,48.0,71.0,60.0,0.0,74.0,546.0,56.0,499.0,137.0,0.0,178.0,202.0,0.0,0.0,0.0,0.0,0.0,0.0,0.0,52.0,0.0,123.0,7.0,181.0,0.0,0.0,0.0,0.0,0.0,0.0,0.0,0.0,0.0,8.0,0.0,0.0,0.0,18.0,0.0,6.0,0.0,27.0,0.0,0.0,6.0,0.0,57.0,16.0,0.0,0.0,0.0,0.0,0.0,0.0,0.0,0.0,8.0,394.0,0.0,0.0,2.0,8.0,0.0,11.0,0.0,0.0,0.0,0.0,2.0,0.0,0.0,0.0,0.0,0.0,2.0,22.0,0.0,0.0,0.0,0.0,8.0,0.0,0.0,0.0,0.0,0.0,0.0,0.0,6.0,0.0,0.0,0.0,0.0,0.0,0.0,0.0,0.0,0.0,0.0,0.0,0.0,0.0,0.0,0.0,0.0,0.0,0.0,0.0,0.0,0.0,0.0,0.0,0.0,0.0,0.0,0.0,0.0,0.0,0.0,0.0,0.0,0.0,16.0,0.0,0.0,0.0,0.0,0.0,0.0,5.0,15.0,0.0,0.0,0.0,0.0,0.0,0.0,0.0,0.0,0.0,0.0,0.0,0.0,0.0,0.0,0.0,0.0,0.0,0.0,0.0,0.0,0.0,0.0,0.0,0.0,0.0,0.0,11.0,0.0,10.0,0.0,0.0,0.0,0.0,0.0,0.0,0.0,0.0,0.0,0.0,0.0,0.0,0.0,0.0,0.0,0.0,0.0,0.0,0.0,0.0,0.0,0.0,0.0,0.0,0.0,0.0,0.0,0.0,0.0,0.0,0.0,0.0,0.0,NonResponder,SAM_14,P14
SRR6000929,15054.0,0.0,45.0,0.0,0.0,0.0,1988.0,0.0,0.0,231.0,6.0,0.0,2000.0,0.0,0.0,35.0,0.0,12.0,0.0,0.0,0.0,0.0,165.0,119.0,94.0,0.0,0.0,438.0,665.0,0.0,0.0,0.0,168.0,0.0,0.0,0.0,0.0,39.0,715.0,0.0,0.0,28.0,0.0,11.0,0.0,67.0,18.0,0.0,122.0,0.0,193.0,0.0,0.0,0.0,0.0,0.0,0.0,15.0,0.0,0.0,0.0,10.0,0.0,65.0,0.0,55.0,0.0,0.0,0.0,60.0,0.0,0.0,0.0,44.0,0.0,0.0,0.0,0.0,0.0,7.0,0.0,0.0,0.0,170.0,18.0,0.0,0.0,0.0,0.0,0.0,0.0,0.0,0.0,108.0,0.0,0.0,0.0,0.0,0.0,0.0,0.0,0.0,4.0,0.0,0.0,0.0,0.0,0.0,0.0,0.0,0.0,5.0,0.0,0.0,0.0,43.0,0.0,0.0,0.0,0.0,0.0,0.0,0.0,0.0,0.0,0.0,0.0,9.0,25.0,0.0,0.0,36.0,0.0,0.0,0.0,0.0,0.0,0.0,0.0,0.0,0.0,0.0,0.0,0.0,0.0,4.0,0.0,33.0,0.0,0.0,0.0,0.0,0.0,0.0,0.0,12.0,0.0,0.0,0.0,4.0,0.0,0.0,0.0,0.0,0.0,0.0,0.0,0.0,0.0,0.0,0.0,0.0,0.0,0.0,0.0,0.0,0.0,0.0,0.0,0.0,0.0,0.0,0.0,0.0,0.0,0.0,24.0,0.0,0.0,0.0,0.0,0.0,0.0,0.0,0.0,0.0,0.0,0.0,0.0,0.0,0.0,0.0,0.0,0.0,0.0,0.0,0.0,0.0,0.0,0.0,0.0,0.0,0.0,0.0,0.0,0.0,0.0,0.0,0.0,0.0,0.0,0.0,0.0,0.0,0.0,0.0,0.0,0.0,0.0,0.0,0.0,0.0,0.0,0.0,0.0,0.0,0.0,0.0,0.0,NonResponder,SAM_12,P12
SRR6000930,3747.0,1760.0,314.0,462.0,149.0,105.0,813.0,1126.0,110.0,1150.0,3.0,801.0,0.0,0.0,14.0,775.0,42.0,568.0,0.0,0.0,0.0,0.0,198.0,0.0,1342.0,0.0,0.0,31.0,87.0,0.0,0.0,0.0,223.0,0.0,0.0,647.0,0.0,0.0,49.0,22.0,0.0,17.0,0.0,0.0,399.0,334.0,2493.0,462.0,492.0,0.0,108.0,72.0,59.0,0.0,141.0,0.0,160.0,61.0,0.0,0.0,0.0,4.0,0.0,388.0,0.0,41.0,304.0,346.0,0.0,106.0,0.0,0.0,0.0,142.0,398.0,0.0,644.0,0.0,282.0,188.0,0.0,53.0,0.0,0.0,0.0,189.0,0.0,641.0,0.0,244.0,173.0,0.0,0.0,0.0,0.0,0.0,0.0,206.0,0.0,452.0,0.0,407.0,0.0,0.0,0.0,0.0,0.0,0.0,0.0,0.0,0.0,0.0,0.0,0.0,45.0,0.0,255.0,85.0,0.0,0.0,0.0,0.0,0.0,94.0,55.0,0.0,0.0,0.0,0.0,33.0,0.0,0.0,0.0,0.0,0.0,0.0,0.0,0.0,0.0,0.0,0.0,0.0,0.0,0.0,88.0,3.0,0.0,0.0,32.0,18.0,0.0,0.0,0.0,0.0,0.0,0.0,0.0,0.0,12.0,0.0,0.0,0.0,0.0,0.0,0.0,0.0,0.0,0.0,0.0,0.0,0.0,0.0,0.0,0.0,0.0,0.0,0.0,0.0,0.0,9.0,0.0,0.0,15.0,0.0,0.0,0.0,0.0,0.0,0.0,0.0,11.0,0.0,0.0,0.0,0.0,0.0,15.0,0.0,0.0,0.0,0.0,13.0,0.0,0.0,0.0,0.0,0.0,0.0,0.0,0.0,0.0,0.0,0.0,0.0,0.0,0.0,0.0,0.0,0.0,0.0,0.0,0.0,0.0,0.0,0.0,0.0,0.0,3.0,0.0,0.0,0.0,0.0,0.0,0.0,0.0,0.0,0.0,0.0,0.0,NonResponder,SAM_11,P11
SRR6000933,2210.0,1647.0,1591.0,2664.0,253.0,2947.0,3099.0,470.0,353.0,380.0,6.0,212.0,185.0,224.0,0.0,257.0,0.0,39.0,528.0,0.0,35.0,136.0,50.0,56.0,177.0,432.0,0.0,14.0,599.0,0.0,0.0,0.0,52.0,0.0,18.0,0.0,0.0,148.0,209.0,4.0,0.0,0.0,85.0,226.0,14.0,187.0,238.0,0.0,27.0,0.0,14.0,0.0,113.0,0.0,0.0,0.0,147.0,42.0,0.0,0.0,0.0,0.0,34.0,0.0,129.0,24.0,0.0,15.0,0.0,44.0,84.0,0.0,14.0,41.0,0.0,0.0,0.0,0.0,0.0,86.0,0.0,0.0,0.0,102.0,0.0,0.0,0.0,3.0,0.0,0.0,3.0,0.0,0.0,0.0,0.0,0.0,0.0,0.0,0.0,0.0,0.0,0.0,28.0,0.0,0.0,0.0,0.0,39.0,0.0,0.0,0.0,0.0,6.0,0.0,0.0,0.0,0.0,0.0,147.0,0.0,0.0,0.0,4.0,0.0,0.0,0.0,0.0,0.0,0.0,0.0,57.0,0.0,0.0,10.0,0.0,0.0,0.0,10.0,0.0,0.0,0.0,0.0,0.0,0.0,4.0,0.0,27.0,0.0,0.0,0.0,0.0,0.0,0.0,0.0,0.0,0.0,0.0,0.0,0.0,0.0,0.0,0.0,0.0,54.0,0.0,0.0,0.0,0.0,0.0,0.0,0.0,0.0,0.0,0.0,0.0,0.0,3.0,0.0,0.0,0.0,0.0,0.0,0.0,0.0,2.0,0.0,0.0,0.0,0.0,0.0,0.0,19.0,0.0,0.0,0.0,0.0,0.0,0.0,0.0,0.0,0.0,0.0,0.0,0.0,0.0,0.0,0.0,0.0,0.0,0.0,0.0,0.0,0.0,0.0,0.0,0.0,0.0,0.0,0.0,0.0,0.0,0.0,0.0,0.0,0.0,0.0,0.0,0.0,0.0,0.0,0.0,0.0,0.0,0.0,0.0,0.0,0.0,0.0,0.0,Responder,SAM_09,P09
SRR6000934,7650.0,0.0,1000.0,0.0,1272.0,6473.0,15.0,0.0,0.0,833.0,3225.0,21.0,699.0,700.0,5.0,0.0,0.0,26.0,0.0,0.0,221.0,0.0,0.0,0.0,16.0,0.0,0.0,329.0,0.0,0.0,0.0,0.0,18.0,0.0,0.0,33.0,0.0,0.0,0.0,0.0,0.0,0.0,0.0,0.0,9.0,399.0,502.0,0.0,26.0,0.0,71.0,69.0,0.0,0.0,487.0,0.0,740.0,0.0,0.0,0.0,0.0,265.0,10.0,17.0,4.0,80.0,0.0,15.0,0.0,16.0,0.0,0.0,0.0,0.0,0.0,0.0,37.0,0.0,0.0,172.0,0.0,0.0,0.0,0.0,0.0,0.0,0.0,13.0,0.0,43.0,106.0,502.0,0.0,107.0,0.0,0.0,0.0,0.0,0.0,0.0,11.0,0.0,0.0,0.0,0.0,0.0,0.0,0.0,0.0,36.0,0.0,0.0,262.0,21.0,21.0,61.0,0.0,5.0,0.0,0.0,0.0,0.0,0.0,0.0,0.0,0.0,0.0,0.0,0.0,0.0,0.0,33.0,0.0,0.0,0.0,0.0,0.0,0.0,0.0,0.0,0.0,0.0,0.0,0.0,0.0,0.0,0.0,0.0,0.0,2.0,0.0,0.0,0.0,0.0,0.0,0.0,0.0,0.0,0.0,0.0,0.0,0.0,0.0,0.0,0.0,33.0,0.0,0.0,20.0,0.0,0.0,0.0,0.0,0.0,0.0,0.0,0.0,0.0,0.0,0.0,0.0,0.0,0.0,0.0,0.0,0.0,0.0,0.0,0.0,0.0,0.0,0.0,0.0,0.0,0.0,0.0,0.0,0.0,0.0,0.0,0.0,0.0,0.0,0.0,0.0,0.0,0.0,0.0,0.0,0.0,0.0,0.0,0.0,0.0,0.0,0.0,0.0,0.0,0.0,0.0,0.0,0.0,0.0,0.0,0.0,0.0,0.0,0.0,0.0,0.0,0.0,0.0,0.0,0.0,0.0,0.0,0.0,0.0,0.0,NonResponder,SAM_06,P06
SRR6000935,6230.0,0.0,1082.0,777.0,336.0,0.0,714.0,1218.0,884.0,145.0,10.0,0.0,139.0,0.0,262.0,12.0,0.0,7.0,0.0,0.0,69.0,67.0,0.0,0.0,220.0,104.0,41.0,0.0,136.0,3.0,176.0,0.0,19.0,55.0,0.0,0.0,0.0,60.0,258.0,64.0,0.0,0.0,0.0,0.0,0.0,18.0,0.0,0.0,13.0,0.0,0.0,0.0,0.0,0.0,0.0,0.0,118.0,155.0,0.0,0.0,0.0,0.0,0.0,0.0,0.0,12.0,20.0,88.0,0.0,53.0,0.0,0.0,32.0,16.0,0.0,0.0,0.0,0.0,0.0,0.0,0.0,0.0,0.0,0.0,0.0,14.0,0.0,0.0,0.0,0.0,0.0,0.0,8.0,0.0,0.0,0.0,0.0,9.0,0.0,0.0,0.0,0.0,0.0,0.0,0.0,0.0,0.0,0.0,0.0,0.0,0.0,0.0,0.0,0.0,0.0,0.0,0.0,0.0,0.0,0.0,0.0,0.0,0.0,0.0,0.0,0.0,0.0,0.0,30.0,0.0,0.0,0.0,0.0,6.0,0.0,0.0,0.0,0.0,0.0,0.0,0.0,0.0,0.0,0.0,0.0,0.0,0.0,0.0,0.0,0.0,0.0,0.0,0.0,0.0,0.0,0.0,0.0,0.0,0.0,0.0,0.0,0.0,0.0,0.0,0.0,0.0,0.0,0.0,0.0,0.0,0.0,0.0,0.0,0.0,0.0,0.0,0.0,0.0,0.0,0.0,0.0,0.0,0.0,0.0,0.0,0.0,0.0,0.0,0.0,0.0,0.0,0.0,0.0,0.0,0.0,0.0,0.0,0.0,0.0,0.0,0.0,0.0,0.0,0.0,0.0,0.0,0.0,0.0,0.0,0.0,0.0,0.0,0.0,0.0,0.0,0.0,0.0,0.0,0.0,0.0,0.0,0.0,0.0,0.0,0.0,0.0,0.0,0.0,0.0,0.0,0.0,0.0,0.0,0.0,0.0,0.0,0.0,0.0,0.0,NonResponder,SAM_05,P05
SRR6000936,5207.0,987.0,5502.0,0.0,0.0,625.0,0.0,0.0,557.0,555.0,5.0,0.0,403.0,759.0,128.0,12.0,0.0,12.0,1498.0,409.0,173.0,0.0,13.0,0.0,0.0,0.0,0.0,38.0,0.0,0.0,122.0,0.0,0.0,0.0,0.0,0.0,0.0,0.0,0.0,0.0,0.0,0.0,0.0,0.0,22.0,53.0,14.0,20.0,0.0,0.0,37.0,0.0,0.0,0.0,0.0,0.0,206.0,0.0,58.0,0.0,0.0,0.0,0.0,0.0,0.0,0.0,0.0,0.0,0.0,100.0,0.0,0.0,0.0,47.0,0.0,0.0,0.0,0.0,0.0,29.0,0.0,0.0,0.0,4.0,9.0,0.0,0.0,0.0,0.0,0.0,0.0,0.0,0.0,0.0,0.0,0.0,157.0,0.0,0.0,0.0,0.0,0.0,0.0,0.0,0.0,0.0,0.0,0.0,0.0,0.0,0.0,0.0,0.0,0.0,0.0,0.0,0.0,0.0,0.0,0.0,0.0,0.0,0.0,0.0,0.0,0.0,0.0,0.0,0.0,0.0,0.0,0.0,0.0,0.0,0.0,0.0,0.0,0.0,0.0,0.0,0.0,0.0,0.0,0.0,0.0,0.0,0.0,0.0,0.0,0.0,0.0,0.0,0.0,0.0,0.0,0.0,0.0,0.0,0.0,0.0,0.0,0.0,0.0,0.0,0.0,0.0,0.0,0.0,0.0,0.0,0.0,0.0,0.0,0.0,0.0,0.0,0.0,0.0,0.0,0.0,0.0,0.0,0.0,2.0,0.0,0.0,0.0,0.0,0.0,0.0,0.0,0.0,0.0,0.0,0.0,0.0,0.0,0.0,0.0,0.0,0.0,0.0,0.0,0.0,0.0,0.0,0.0,0.0,0.0,0.0,0.0,0.0,0.0,0.0,0.0,0.0,0.0,0.0,0.0,0.0,0.0,0.0,0.0,0.0,0.0,0.0,0.0,0.0,0.0,0.0,0.0,0.0,0.0,0.0,0.0,0.0,0.0,0.0,0.0,Responder,SAM_07,P07
SRR6000937,2864.0,775.0,1249.0,231.0,15.0,451.0,702.0,280.0,2438.0,574.0,332.0,339.0,100.0,0.0,137.0,567.0,158.0,540.0,235.0,265.0,86.0,0.0,0.0,10.0,911.0,62.0,0.0,24.0,6.0,32.0,209.0,216.0,167.0,0.0,12.0,0.0,0.0,724.0,144.0,57.0,0.0,6.0,0.0,0.0,0.0,759.0,307.0,298.0,147.0,0.0,0.0,30.0,14.0,0.0,79.0,118.0,690.0,239.0,485.0,0.0,0.0,0.0,217.0,0.0,182.0,73.0,92.0,1400.0,0.0,343.0,98.0,0.0,31.0,214.0,0.0,0.0,0.0,0.0,0.0,6.0,0.0,0.0,0.0,10.0,0.0,5.0,0.0,53.0,0.0,82.0,6.0,0.0,18.0,0.0,26.0,219.0,0.0,0.0,520.0,0.0,54.0,0.0,84.0,0.0,0.0,0.0,0.0,0.0,0.0,0.0,0.0,0.0,0.0,0.0,0.0,0.0,0.0,16.0,0.0,0.0,222.0,13.0,0.0,12.0,8.0,2.0,371.0,0.0,0.0,5.0,0.0,0.0,0.0,0.0,142.0,0.0,0.0,0.0,39.0,0.0,0.0,0.0,0.0,0.0,0.0,0.0,0.0,0.0,2.0,3.0,0.0,0.0,51.0,0.0,0.0,0.0,0.0,11.0,0.0,0.0,0.0,0.0,0.0,0.0,0.0,0.0,52.0,0.0,0.0,0.0,0.0,0.0,0.0,5.0,0.0,0.0,0.0,0.0,0.0,0.0,8.0,3.0,0.0,0.0,0.0,0.0,0.0,0.0,0.0,0.0,0.0,0.0,2.0,0.0,0.0,0.0,0.0,0.0,0.0,0.0,0.0,2.0,0.0,0.0,0.0,0.0,0.0,0.0,0.0,0.0,8.0,0.0,0.0,3.0,0.0,0.0,0.0,0.0,0.0,0.0,0.0,0.0,0.0,0.0,0.0,0.0,0.0,0.0,0.0,0.0,0.0,0.0,0.0,0.0,0.0,0.0,0.0,2.0,0.0,Responder,SAM_02,P02
SRR6000938,5711.0,1302.0,915.0,464.0,980.0,663.0,2920.0,1122.0,949.0,721.0,679.0,1411.0,0.0,619.0,4.0,957.0,148.0,199.0,0.0,0.0,382.0,84.0,20.0,231.0,387.0,91.0,0.0,23.0,453.0,0.0,0.0,0.0,171.0,0.0,44.0,156.0,0.0,85.0,19.0,17.0,0.0,95.0,0.0,0.0,23.0,354.0,175.0,536.0,461.0,0.0,123.0,13.0,71.0,0.0,171.0,0.0,712.0,312.0,0.0,0.0,0.0,15.0,40.0,7.0,0.0,140.0,0.0,158.0,0.0,275.0,0.0,0.0,45.0,63.0,0.0,0.0,29.0,0.0,0.0,55.0,0.0,0.0,3.0,0.0,100.0,12.0,0.0,82.0,0.0,28.0,15.0,79.0,15.0,10.0,0.0,0.0,0.0,4.0,0.0,0.0,0.0,0.0,41.0,0.0,0.0,0.0,0.0,0.0,0.0,0.0,0.0,0.0,0.0,0.0,20.0,10.0,0.0,13.0,0.0,0.0,0.0,0.0,129.0,12.0,0.0,0.0,0.0,0.0,0.0,0.0,11.0,15.0,0.0,0.0,0.0,0.0,0.0,92.0,51.0,0.0,0.0,0.0,0.0,0.0,0.0,0.0,0.0,57.0,0.0,20.0,0.0,42.0,0.0,0.0,0.0,0.0,0.0,0.0,35.0,0.0,0.0,0.0,0.0,0.0,0.0,0.0,0.0,0.0,0.0,0.0,0.0,0.0,0.0,2.0,0.0,0.0,16.0,0.0,0.0,0.0,0.0,0.0,0.0,26.0,23.0,16.0,0.0,11.0,0.0,0.0,0.0,0.0,0.0,0.0,0.0,0.0,0.0,0.0,14.0,11.0,0.0,0.0,0.0,0.0,0.0,0.0,0.0,0.0,0.0,0.0,0.0,0.0,0.0,0.0,7.0,0.0,0.0,0.0,0.0,0.0,0.0,4.0,0.0,0.0,0.0,0.0,0.0,0.0,0.0,0.0,0.0,0.0,0.0,0.0,0.0,0.0,0.0,0.0,0.0,NonResponder,SAM_01,P01
SRR6000939,4893.0,1800.0,449.0,528.0,1682.0,0.0,218.0,851.0,1653.0,588.0,55.0,29.0,31.0,0.0,0.0,228.0,0.0,142.0,0.0,0.0,0.0,0.0,104.0,235.0,745.0,0.0,81.0,15.0,368.0,0.0,0.0,0.0,193.0,449.0,27.0,26.0,0.0,1102.0,93.0,0.0,0.0,353.0,944.0,0.0,0.0,272.0,29.0,0.0,110.0,0.0,40.0,0.0,39.0,0.0,0.0,0.0,225.0,0.0,0.0,0.0,0.0,97.0,529.0,15.0,0.0,14.0,0.0,4.0,0.0,239.0,0.0,0.0,0.0,0.0,0.0,0.0,0.0,0.0,0.0,8.0,7.0,0.0,580.0,10.0,14.0,49.0,0.0,0.0,222.0,0.0,0.0,0.0,0.0,0.0,0.0,0.0,296.0,0.0,0.0,0.0,0.0,0.0,3.0,0.0,0.0,0.0,10.0,0.0,0.0,0.0,0.0,0.0,0.0,0.0,0.0,0.0,0.0,137.0,0.0,0.0,5.0,0.0,0.0,0.0,0.0,0.0,0.0,0.0,0.0,0.0,0.0,23.0,0.0,0.0,0.0,0.0,0.0,0.0,0.0,0.0,0.0,15.0,0.0,0.0,0.0,0.0,0.0,0.0,2.0,0.0,6.0,11.0,0.0,0.0,0.0,0.0,0.0,12.0,10.0,0.0,0.0,0.0,0.0,0.0,0.0,0.0,0.0,0.0,0.0,0.0,0.0,0.0,0.0,0.0,0.0,0.0,0.0,0.0,0.0,0.0,0.0,0.0,0.0,0.0,0.0,0.0,0.0,0.0,0.0,0.0,0.0,0.0,17.0,0.0,0.0,0.0,0.0,0.0,0.0,0.0,0.0,0.0,0.0,0.0,0.0,0.0,0.0,0.0,0.0,0.0,0.0,0.0,0.0,0.0,0.0,0.0,0.0,0.0,6.0,0.0,0.0,4.0,0.0,0.0,0.0,0.0,0.0,0.0,3.0,0.0,0.0,0.0,0.0,0.0,0.0,0.0,0.0,0.0,0.0,NonResponder,SAM_08,P08
SRR6000941,3303.0,0.0,1405.0,338.0,3510.0,196.0,49.0,210.0,641.0,386.0,522.0,937.0,178.0,1260.0,0.0,568.0,0.0,317.0,0.0,0.0,205.0,142.0,538.0,52.0,487.0,72.0,86.0,173.0,47.0,0.0,283.0,232.0,359.0,165.0,0.0,174.0,0.0,121.0,199.0,12.0,1758.0,0.0,0.0,0.0,11.0,381.0,208.0,109.0,154.0,0.0,23.0,415.0,396.0,0.0,88.0,135.0,78.0,131.0,0.0,0.0,0.0,17.0,16.0,424.0,0.0,12.0,0.0,117.0,0.0,275.0,0.0,0.0,41.0,41.0,0.0,0.0,43.0,0.0,26.0,169.0,0.0,12.0,0.0,6.0,56.0,28.0,0.0,32.0,0.0,21.0,19.0,163.0,32.0,0.0,0.0,0.0,0.0,8.0,0.0,0.0,0.0,0.0,0.0,0.0,0.0,0.0,13.0,0.0,0.0,0.0,271.0,0.0,0.0,0.0,20.0,0.0,0.0,0.0,0.0,0.0,0.0,17.0,9.0,0.0,0.0,0.0,0.0,0.0,0.0,0.0,0.0,0.0,0.0,0.0,0.0,34.0,12.0,0.0,0.0,0.0,0.0,0.0,0.0,0.0,0.0,0.0,21.0,0.0,0.0,0.0,0.0,0.0,0.0,0.0,0.0,0.0,0.0,0.0,12.0,0.0,0.0,0.0,0.0,0.0,0.0,0.0,0.0,0.0,0.0,0.0,0.0,0.0,0.0,9.0,0.0,37.0,0.0,0.0,0.0,0.0,0.0,0.0,0.0,0.0,0.0,0.0,0.0,0.0,0.0,0.0,0.0,0.0,0.0,0.0,9.0,6.0,0.0,0.0,0.0,0.0,0.0,0.0,0.0,0.0,0.0,0.0,0.0,0.0,0.0,0.0,0.0,0.0,0.0,0.0,0.0,0.0,0.0,0.0,0.0,0.0,0.0,0.0,0.0,0.0,0.0,0.0,0.0,0.0,0.0,0.0,0.0,0.0,0.0,0.0,0.0,0.0,0.0,0.0,2.0,NonResponder,SAM_04,P04
SRR6000948,1911.0,1902.0,0.0,227.0,35.0,641.0,23.0,232.0,735.0,1772.0,964.0,334.0,79.0,36.0,1070.0,46.0,0.0,523.0,400.0,1145.0,0.0,1125.0,101.0,112.0,550.0,0.0,949.0,45.0,126.0,0.0,0.0,0.0,738.0,16.0,0.0,129.0,0.0,90.0,199.0,7.0,200.0,0.0,0.0,0.0,124.0,856.0,291.0,113.0,674.0,0.0,23.0,0.0,120.0,0.0,26.0,0.0,447.0,211.0,0.0,0.0,0.0,0.0,0.0,0.0,0.0,605.0,507.0,123.0,0.0,128.0,25.0,0.0,106.0,27.0,0.0,0.0,0.0,0.0,0.0,82.0,0.0,0.0,0.0,3.0,141.0,19.0,0.0,50.0,0.0,13.0,0.0,0.0,0.0,0.0,0.0,0.0,0.0,9.0,0.0,0.0,146.0,0.0,0.0,0.0,0.0,0.0,18.0,0.0,0.0,0.0,248.0,0.0,0.0,0.0,36.0,9.0,0.0,4.0,0.0,232.0,0.0,17.0,0.0,0.0,12.0,0.0,0.0,0.0,10.0,0.0,0.0,0.0,0.0,8.0,4.0,0.0,14.0,0.0,0.0,0.0,0.0,0.0,0.0,0.0,0.0,10.0,0.0,0.0,15.0,0.0,0.0,0.0,0.0,0.0,0.0,0.0,0.0,0.0,0.0,0.0,0.0,0.0,0.0,0.0,0.0,0.0,0.0,0.0,0.0,0.0,0.0,0.0,0.0,0.0,0.0,0.0,0.0,0.0,0.0,4.0,0.0,0.0,2.0,0.0,0.0,0.0,0.0,0.0,9.0,0.0,0.0,0.0,0.0,0.0,0.0,0.0,0.0,0.0,0.0,0.0,0.0,0.0,0.0,0.0,0.0,0.0,0.0,0.0,0.0,0.0,0.0,0.0,0.0,0.0,0.0,0.0,0.0,0.0,0.0,0.0,0.0,0.0,0.0,0.0,0.0,0.0,0.0,0.0,0.0,0.0,0.0,0.0,0.0,0.0,0.0,0.0,0.0,0.0,0.0,NonResponder,SAM_03,P03
